case,distance_m,analytical_sigma_max_m,analytical_sigma_min_m,numerical_sigma_max_m,numerical_sigma_min_m,analytical_area_m2,numerical_area_m2,analytical_field_factor,numerical_field_factor,max_relative_error
direct,0.20000000000000001,0.20000000000000001,0.20000000000000001,0.20000000000000001,0.20000000000000001,0.040000000000000008,0.040000000000000008,5,5,0
direct,0.33000000000000002,0.33000000000000002,0.33000000000000002,0.33000000000000002,0.33000000000000002,0.10890000000000001,0.10890000000000001,3.0303030303030303,3.0303030303030303,0
direct,0.46000000000000002,0.46000000000000002,0.46000000000000002,0.46000000000000002,0.46000000000000002,0.21160000000000001,0.21160000000000001,2.1739130434782608,2.1739130434782608,0
direct,0.59000000000000008,0.59000000000000008,0.59000000000000008,0.59000000000000008,0.59000000000000008,0.34810000000000008,0.34810000000000008,1.6949152542372878,1.6949152542372878,0
direct,0.71999999999999997,0.71999999999999997,0.71999999999999997,0.71999999999999997,0.71999999999999997,0.51839999999999997,0.51839999999999997,1.3888888888888888,1.3888888888888888,0
direct,0.85000000000000009,0.85000000000000009,0.85000000000000009,0.84999999999999998,0.84999999999999998,0.72250000000000014,0.72249999999999992,1.1764705882352939,1.1764705882352942,3.0732817290661765e-16
direct,0.97999999999999998,0.97999999999999998,0.97999999999999998,0.98000000000000009,0.98000000000000009,0.96039999999999992,0.96040000000000014,1.0204081632653061,1.0204081632653059,2.3120013007604261e-16
direct,1.1100000000000001,1.1100000000000001,1.1100000000000001,1.1100000000000001,1.1100000000000001,1.2321000000000002,1.2321000000000002,0.9009009009009008,0.9009009009009008,0
direct,1.24,1.24,1.24,1.24,1.24,1.5376000000000001,1.5376000000000001,0.80645161290322587,0.80645161290322587,0
direct,1.3699999999999999,1.3699999999999999,1.3699999999999999,1.3699999999999999,1.3699999999999999,1.8768999999999998,1.8768999999999998,0.72992700729927018,0.72992700729927018,0
direct,1.5,1.5,1.5,1.5,1.5,2.25,2.25,0.66666666666666663,0.66666666666666663,0
direct,1.6300000000000001,1.6300000000000001,1.6300000000000001,1.6299999999999999,1.6299999999999999,2.6569000000000003,2.6568999999999998,0.61349693251533743,0.61349693251533743,1.6714562454366464e-16
direct,1.76,1.76,1.76,1.7599999999999998,1.7599999999999998,3.0975999999999999,3.0975999999999995,0.56818181818181823,0.56818181818181823,1.4336557652700886e-16
direct,1.8899999999999999,1.8899999999999999,1.8899999999999999,1.8900000000000001,1.8900000000000001,3.5720999999999998,3.5721000000000003,0.52910052910052918,0.52910052910052907,2.0983215165415455e-16
direct,2.02,2.02,2.02,2.02,2.02,4.0804,4.0804,0.49504950495049505,0.49504950495049505,0
direct,2.1500000000000004,2.1500000000000004,2.1500000000000004,2.1499999999999999,2.1499999999999999,4.6225000000000014,4.6224999999999996,0.46511627906976738,0.46511627906976744,3.8428487601952405e-16
direct,2.2800000000000002,2.2800000000000002,2.2800000000000002,2.2800000000000002,2.2800000000000002,5.1984000000000012,5.1984000000000012,0.43859649122807015,0.43859649122807015,0
direct,2.4100000000000001,2.4100000000000001,2.4100000000000001,2.4100000000000001,2.4100000000000001,5.8081000000000005,5.8081000000000005,0.41493775933609955,0.41493775933609955,0
direct,2.54,2.54,2.54,2.5400000000000005,2.5400000000000005,6.4516,6.4516000000000027,0.39370078740157477,0.39370078740157471,4.1300379116814056e-16
direct,2.6700000000000004,2.6700000000000004,2.6700000000000004,2.6700000000000004,2.6700000000000004,7.1289000000000016,7.1289000000000016,0.37453183520599248,0.37453183520599248,0
direct,2.8000000000000003,2.8000000000000003,2.8000000000000003,2.8000000000000007,2.8000000000000007,7.8400000000000016,7.8400000000000043,0.3571428571428571,0.35714285714285704,3.3986419121178255e-16
direct,2.9300000000000002,2.9300000000000002,2.9300000000000002,2.9300000000000002,2.9300000000000002,8.5849000000000011,8.5849000000000011,0.34129692832764502,0.34129692832764502,0
direct,3.0600000000000005,3.0600000000000005,3.0600000000000005,3.0600000000000005,3.0600000000000005,9.3636000000000035,9.3636000000000035,0.32679738562091498,0.32679738562091498,0
direct,3.1900000000000004,3.1900000000000004,3.1900000000000004,3.1900000000000004,3.1900000000000004,10.176100000000002,10.176100000000002,0.31347962382445138,0.31347962382445138,0
direct,3.3200000000000003,3.3200000000000003,3.3200000000000003,3.3200000000000003,3.3200000000000003,11.022400000000001,11.022400000000001,0.3012048192771084,0.3012048192771084,0
direct,3.4500000000000002,3.4500000000000002,3.4500000000000002,3.4500000000000002,3.4500000000000002,11.902500000000002,11.902500000000002,0.28985507246376813,0.28985507246376813,0
direct,3.5800000000000001,3.5800000000000001,3.5800000000000001,3.5800000000000001,3.5800000000000001,12.8164,12.8164,0.27932960893854747,0.27932960893854747,0
direct,3.7100000000000004,3.7100000000000004,3.7100000000000004,3.7100000000000004,3.7100000000000004,13.764100000000003,13.764100000000003,0.26954177897574122,0.26954177897574122,0
direct,3.8400000000000003,3.8400000000000003,3.8400000000000003,3.8400000000000003,3.8400000000000003,14.745600000000003,14.745600000000003,0.26041666666666663,0.26041666666666663,0
direct,3.9700000000000002,3.9700000000000002,3.9700000000000002,3.9700000000000002,3.9700000000000002,15.760900000000001,15.760900000000001,0.25188916876574308,0.25188916876574308,0
direct,4.1000000000000005,4.1000000000000005,4.1000000000000005,4.1000000000000005,4.1000000000000005,16.810000000000006,16.810000000000006,0.24390243902439021,0.24390243902439021,0
direct,4.2300000000000004,4.2300000000000004,4.2300000000000004,4.2300000000000004,4.2300000000000004,17.892900000000004,17.892900000000004,0.23640661938534277,0.23640661938534277,0
direct,4.3600000000000003,4.3600000000000003,4.3600000000000003,4.3600000000000003,4.3600000000000003,19.009600000000002,19.009600000000002,0.2293577981651376,0.2293577981651376,0
direct,4.4900000000000002,4.4900000000000002,4.4900000000000002,4.4900000000000002,4.4900000000000002,20.160100000000003,20.160100000000003,0.22271714922048996,0.22271714922048996,0
direct,4.6200000000000001,4.6200000000000001,4.6200000000000001,4.6200000000000001,4.6200000000000001,21.3444,21.3444,0.21645021645021645,0.21645021645021645,0
direct,4.75,4.75,4.75,4.75,4.75,22.5625,22.5625,0.21052631578947367,0.21052631578947367,0
direct,4.8799999999999999,4.8799999999999999,4.8799999999999999,4.8799999999999999,4.8799999999999999,23.814399999999999,23.814399999999999,0.20491803278688525,0.20491803278688525,0
direct,5.0100000000000007,5.0100000000000007,5.0100000000000007,5.0100000000000016,5.0100000000000016,25.100100000000008,25.100100000000015,0.19960079840319359,0.19960079840319356,2.8308362745969137e-16
direct,5.1400000000000006,5.1400000000000006,5.1400000000000006,5.1399999999999997,5.1399999999999997,26.419600000000006,26.419599999999996,0.19455252918287935,0.19455252918287938,4.0341795622952278e-16
direct,5.2700000000000005,5.2700000000000005,5.2700000000000005,5.2700000000000014,5.2700000000000014,27.772900000000003,27.772900000000014,0.18975332068311193,0.1897533206831119,3.8376046564822186e-16
direct,5.4000000000000004,5.4000000000000004,5.4000000000000004,5.4000000000000012,5.4000000000000012,29.160000000000004,29.160000000000014,0.18518518518518517,0.18518518518518515,3.6550552251033957e-16
direct,5.5300000000000002,5.5300000000000002,5.5300000000000002,5.5299999999999994,5.5299999999999994,30.580900000000003,30.580899999999993,0.18083182640144665,0.18083182640144668,3.4852280463954631e-16
direct,5.6600000000000001,5.6600000000000001,5.6600000000000001,5.660000000000001,5.660000000000001,32.035600000000002,32.035600000000009,0.17667844522968199,0.17667844522968196,2.2179785481155345e-16
direct,5.79,5.79,5.79,5.7900000000000009,5.7900000000000009,33.524099999999997,33.524100000000011,0.17271157167530224,0.17271157167530221,4.2389966368081483e-16
direct,5.9200000000000008,5.9200000000000008,5.9200000000000008,5.9200000000000017,5.9200000000000017,35.046400000000013,35.04640000000002,0.16891891891891889,0.16891891891891886,2.0274343035521479e-16
direct,6.0500000000000007,6.0500000000000007,6.0500000000000007,6.0500000000000007,6.0500000000000007,36.602500000000006,36.602500000000006,0.16528925619834708,0.16528925619834708,0
direct,6.1800000000000006,6.1800000000000006,6.1800000000000006,6.1800000000000006,6.1800000000000006,38.192400000000006,38.192400000000006,0.16181229773462782,0.16181229773462782,0
direct,6.3100000000000005,6.3100000000000005,6.3100000000000005,6.3100000000000014,6.3100000000000014,39.816100000000006,39.81610000000002,0.15847860538827258,0.15847860538827255,3.5691227205080362e-16
direct,6.4400000000000004,6.4400000000000004,6.4400000000000004,6.4400000000000004,6.4400000000000004,41.473600000000005,41.473600000000005,0.15527950310559005,0.15527950310559005,0
direct,6.5700000000000003,6.5700000000000003,6.5700000000000003,6.5700000000000003,6.5700000000000003,43.164900000000003,43.164900000000003,0.15220700152207001,0.15220700152207001,0
direct,6.7000000000000002,6.7000000000000002,6.7000000000000002,6.7000000000000011,6.7000000000000011,44.890000000000001,44.890000000000015,0.14925373134328357,0.14925373134328357,3.1657061071958129e-16
direct,6.8300000000000001,6.8300000000000001,6.8300000000000001,6.830000000000001,6.830000000000001,46.648899999999998,46.648900000000012,0.14641288433382138,0.14641288433382135,3.0463429395338377e-16
direct,6.96,6.96,6.96,6.96,6.96,48.441600000000001,48.441600000000001,0.14367816091954022,0.14367816091954022,0
direct,7.0900000000000007,7.0900000000000007,7.0900000000000007,7.0900000000000007,7.0900000000000007,50.268100000000011,50.268100000000011,0.14104372355430181,0.14104372355430181,0
direct,7.2200000000000006,7.2200000000000006,7.2200000000000006,7.2200000000000006,7.2200000000000006,52.128400000000006,52.128400000000006,0.13850415512465372,0.13850415512465372,0
direct,7.3500000000000005,7.3500000000000005,7.3500000000000005,7.3500000000000005,7.3500000000000005,54.022500000000008,54.022500000000008,0.13605442176870747,0.13605442176870747,0
direct,7.4800000000000004,7.4800000000000004,7.4800000000000004,7.4800000000000004,7.4800000000000004,55.950400000000009,55.950400000000009,0.13368983957219249,0.13368983957219249,0
direct,7.6100000000000003,7.6100000000000003,7.6100000000000003,7.6100000000000003,7.6100000000000003,57.912100000000002,57.912100000000002,0.13140604467805519,0.13140604467805519,0
direct,7.7400000000000002,7.7400000000000002,7.7400000000000002,7.7400000000000011,7.7400000000000011,59.907600000000002,59.907600000000016,0.12919896640826872,0.12919896640826872,2.3721288643180501e-16
direct,7.8700000000000001,7.8700000000000001,7.8700000000000001,7.8700000000000001,7.8700000000000001,61.936900000000001,61.936900000000001,0.12706480304955528,0.12706480304955528,0
direct,8,8,8,8,8,64,64,0.125,0.125,0
plane,0.20000000000000001,2.2000000000000002,2.2000000000000002,2.2000000000000002,2.2000000000000002,4.8400000000000007,4.8400000000000007,0.45454545454545453,0.45454545454545453,0
plane,0.33000000000000002,2.3300000000000001,2.3300000000000001,2.3300000000000001,2.3300000000000001,5.4289000000000005,5.4289000000000005,0.42918454935622319,0.42918454935622319,0
plane,0.46000000000000002,2.46,2.46,2.46,2.46,6.0515999999999996,6.0515999999999996,0.4065040650406504,0.4065040650406504,0
plane,0.59000000000000008,2.5899999999999999,2.5899999999999999,2.5899999999999999,2.5899999999999999,6.7080999999999991,6.7080999999999991,0.38610038610038611,0.38610038610038611,0
plane,0.71999999999999997,2.7199999999999998,2.7199999999999998,2.7199999999999998,2.7199999999999998,7.3983999999999988,7.3983999999999988,0.36764705882352944,0.36764705882352944,0
plane,0.85000000000000009,2.8500000000000001,2.8500000000000001,2.8499999999999996,2.8499999999999996,8.1225000000000005,8.1224999999999987,0.35087719298245612,0.35087719298245618,2.1869582510313947e-16
plane,0.97999999999999998,2.98,2.98,2.98,2.98,8.8803999999999998,8.8803999999999998,0.33557046979865773,0.33557046979865773,0
plane,1.1100000000000001,3.1100000000000003,3.1100000000000003,3.1099999999999999,3.1099999999999999,9.6721000000000021,9.6720999999999986,0.32154340836012857,0.32154340836012862,3.6731564797722315e-16
plane,1.24,3.2400000000000002,3.2400000000000002,3.2400000000000002,3.2400000000000002,10.497600000000002,10.497600000000002,0.30864197530864196,0.30864197530864196,0
plane,1.3699999999999999,3.3700000000000001,3.3700000000000001,3.3700000000000001,3.3700000000000001,11.356900000000001,11.356900000000001,0.29673590504451036,0.29673590504451036,0
plane,1.5,3.5,3.5,3.5000000000000004,3.5000000000000004,12.25,12.250000000000004,0.2857142857142857,0.2857142857142857,2.9001744316738781e-16
plane,1.6300000000000001,3.6299999999999999,3.6299999999999999,3.6300000000000003,3.6300000000000003,13.1769,13.176900000000002,0.27548209366391185,0.2754820936639118,2.0150547896946591e-16
plane,1.76,3.7599999999999998,3.7599999999999998,3.7600000000000002,3.7600000000000002,14.137599999999999,14.137600000000003,0.26595744680851063,0.26595744680851063,2.5129538809985437e-16
plane,1.8899999999999999,3.8899999999999997,3.8899999999999997,3.8900000000000001,3.8900000000000001,15.132099999999998,15.132100000000001,0.25706940874035994,0.25706940874035988,2.347799498285434e-16
plane,2.02,4.0199999999999996,4.0199999999999996,4.0199999999999996,4.0199999999999996,16.160399999999996,16.160399999999996,0.24875621890547267,0.24875621890547267,0
plane,2.1500000000000004,4.1500000000000004,4.1500000000000004,4.1499999999999995,4.1499999999999995,17.222500000000004,17.222499999999997,0.24096385542168672,0.24096385542168677,4.1256654710994338e-16
plane,2.2800000000000002,4.2800000000000002,4.2800000000000002,4.2800000000000002,4.2800000000000002,18.3184,18.3184,0.23364485981308411,0.23364485981308411,0
plane,2.4100000000000001,4.4100000000000001,4.4100000000000001,4.4100000000000001,4.4100000000000001,19.4481,19.4481,0.22675736961451246,0.22675736961451246,0
plane,2.54,4.54,4.54,4.5400000000000009,4.5400000000000009,20.611599999999999,20.61160000000001,0.22026431718061673,0.2202643171806167,5.1709430788495328e-16
plane,2.6700000000000004,4.6699999999999999,4.6699999999999999,4.6700000000000008,4.6700000000000008,21.808899999999998,21.808900000000008,0.21413276231263384,0.21413276231263378,4.8870603452725738e-16
plane,2.8000000000000003,4.8000000000000007,4.8000000000000007,4.8000000000000007,4.8000000000000007,23.040000000000006,23.040000000000006,0.20833333333333331,0.20833333333333331,0
plane,2.9300000000000002,4.9299999999999997,4.9299999999999997,4.9300000000000006,4.9300000000000006,24.304899999999996,24.304900000000007,0.20283975659229211,0.20283975659229206,4.3851820153144033e-16
plane,3.0600000000000005,5.0600000000000005,5.0600000000000005,5.0600000000000005,5.0600000000000005,25.603600000000004,25.603600000000004,0.19762845849802368,0.19762845849802368,0
plane,3.1900000000000004,5.1900000000000004,5.1900000000000004,5.1900000000000004,5.1900000000000004,26.936100000000003,26.936100000000003,0.19267822736030826,0.19267822736030826,0
plane,3.3200000000000003,5.3200000000000003,5.3200000000000003,5.3200000000000003,5.3200000000000003,28.302400000000002,28.302400000000002,0.18796992481203006,0.18796992481203006,0
plane,3.4500000000000002,5.4500000000000002,5.4500000000000002,5.4500000000000002,5.4500000000000002,29.702500000000001,29.702500000000001,0.18348623853211007,0.18348623853211007,0
plane,3.5800000000000001,5.5800000000000001,5.5800000000000001,5.5800000000000001,5.5800000000000001,31.136400000000002,31.136400000000002,0.17921146953405018,0.17921146953405018,0
plane,3.7100000000000004,5.7100000000000009,5.7100000000000009,5.7100000000000009,5.7100000000000009,32.60410000000001,32.60410000000001,0.17513134851138351,0.17513134851138351,0
plane,3.8400000000000003,5.8399999999999999,5.8399999999999999,5.8400000000000007,5.8400000000000007,34.105599999999995,34.10560000000001,0.17123287671232876,0.17123287671232876,4.1667218038099332e-16
plane,3.9700000000000002,5.9700000000000006,5.9700000000000006,5.9700000000000006,5.9700000000000006,35.640900000000009,35.640900000000009,0.1675041876046901,0.1675041876046901,0
plane,4.1000000000000005,6.1000000000000005,6.1000000000000005,6.1000000000000005,6.1000000000000005,37.210000000000008,37.210000000000008,0.16393442622950818,0.16393442622950818,0
plane,4.2300000000000004,6.2300000000000004,6.2300000000000004,6.2300000000000004,6.2300000000000004,38.812900000000006,38.812900000000006,0.16051364365971107,0.16051364365971107,0
plane,4.3600000000000003,6.3600000000000003,6.3600000000000003,6.3600000000000003,6.3600000000000003,40.449600000000004,40.449600000000004,0.15723270440251572,0.15723270440251572,0
plane,4.4900000000000002,6.4900000000000002,6.4900000000000002,6.4900000000000002,6.4900000000000002,42.120100000000001,42.120100000000001,0.15408320493066255,0.15408320493066255,0
plane,4.6200000000000001,6.6200000000000001,6.6200000000000001,6.6200000000000001,6.6200000000000001,43.824400000000004,43.824400000000004,0.15105740181268881,0.15105740181268881,0
plane,4.75,6.75,6.75,6.75,6.75,45.5625,45.5625,0.14814814814814814,0.14814814814814814,0
plane,4.8799999999999999,6.8799999999999999,6.8799999999999999,6.8799999999999999,6.8799999999999999,47.334399999999995,47.334399999999995,0.14534883720930233,0.14534883720930233,0
plane,5.0100000000000007,7.0100000000000007,7.0100000000000007,7.0100000000000007,7.0100000000000007,49.140100000000011,49.140100000000011,0.14265335235378029,0.14265335235378029,0
plane,5.1400000000000006,7.1400000000000006,7.1400000000000006,7.1399999999999997,7.1399999999999997,50.979600000000005,50.979599999999998,0.14005602240896359,0.14005602240896359,1.3937785619347743e-16
plane,5.2700000000000005,7.2700000000000005,7.2700000000000005,7.2700000000000005,7.2700000000000005,52.852900000000005,52.852900000000005,0.13755158184319119,0.13755158184319119,0
plane,5.4000000000000004,7.4000000000000004,7.4000000000000004,7.4000000000000004,7.4000000000000004,54.760000000000005,54.760000000000005,0.13513513513513511,0.13513513513513511,0
plane,5.5300000000000002,7.5300000000000002,7.5300000000000002,7.5299999999999994,7.5299999999999994,56.700900000000004,56.70089999999999,0.13280212483399734,0.13280212483399736,2.5062838006454927e-16
plane,5.6600000000000001,7.6600000000000001,7.6600000000000001,7.6600000000000001,7.6600000000000001,58.675600000000003,58.675600000000003,0.13054830287206265,0.13054830287206265,0
plane,5.79,7.79,7.79,7.79,7.79,60.684100000000001,60.684100000000001,0.12836970474967907,0.12836970474967907,0
plane,5.9200000000000008,7.9200000000000008,7.9200000000000008,7.9200000000000017,7.9200000000000017,62.726400000000012,62.726400000000027,0.12626262626262624,0.12626262626262624,2.2655300982045837e-16
plane,6.0500000000000007,8.0500000000000007,8.0500000000000007,8.0500000000000007,8.0500000000000007,64.802500000000009,64.802500000000009,0.12422360248447203,0.12422360248447203,0
plane,6.1800000000000006,8.1799999999999997,8.1799999999999997,8.1799999999999997,8.1799999999999997,66.912399999999991,66.912399999999991,0.12224938875305624,0.12224938875305624,0
plane,6.3100000000000005,8.3100000000000005,8.3100000000000005,8.3100000000000005,8.3100000000000005,69.056100000000015,69.056100000000015,0.12033694344163658,0.12033694344163658,0
plane,6.4400000000000004,8.4400000000000013,8.4400000000000013,8.4399999999999995,8.4399999999999995,71.233600000000024,71.233599999999996,0.11848341232227487,0.11848341232227488,3.9899302338228023e-16
plane,6.5700000000000003,8.5700000000000003,8.5700000000000003,8.5700000000000003,8.5700000000000003,73.444900000000004,73.444900000000004,0.11668611435239207,0.11668611435239207,0
plane,6.7000000000000002,8.6999999999999993,8.6999999999999993,8.7000000000000011,8.7000000000000011,75.689999999999984,75.690000000000012,0.1149425287356322,0.11494252873563217,3.7550151182988525e-16
plane,6.8300000000000001,8.8300000000000001,8.8300000000000001,8.8300000000000001,8.8300000000000001,77.968900000000005,77.968900000000005,0.11325028312570781,0.11325028312570781,0
plane,6.96,8.9600000000000009,8.9600000000000009,8.9599999999999991,8.9599999999999991,80.281600000000012,80.281599999999983,0.11160714285714285,0.11160714285714286,3.5402519917894019e-16
plane,7.0900000000000007,9.0899999999999999,9.0899999999999999,9.0899999999999999,9.0899999999999999,82.628100000000003,82.628100000000003,0.11001100110011001,0.11001100110011001,0
plane,7.2200000000000006,9.2200000000000006,9.2200000000000006,9.2200000000000006,9.2200000000000006,85.008400000000009,85.008400000000009,0.10845986984815617,0.10845986984815617,0
plane,7.3500000000000005,9.3500000000000014,9.3500000000000014,9.3499999999999996,9.3499999999999996,87.422500000000028,87.422499999999999,0.10695187165775399,0.10695187165775401,3.2510748869460375e-16
plane,7.4800000000000004,9.4800000000000004,9.4800000000000004,9.4800000000000004,9.4800000000000004,89.870400000000004,89.870400000000004,0.10548523206751054,0.10548523206751054,0
plane,7.6100000000000003,9.6099999999999994,9.6099999999999994,9.6099999999999994,9.6099999999999994,92.352099999999993,92.352099999999993,0.10405827263267431,0.10405827263267431,0
plane,7.7400000000000002,9.7400000000000002,9.7400000000000002,9.7400000000000002,9.7400000000000002,94.86760000000001,94.86760000000001,0.10266940451745379,0.10266940451745379,0
plane,7.8700000000000001,9.870000000000001,9.870000000000001,9.8699999999999992,9.8699999999999992,97.416900000000027,97.416899999999984,0.10131712259371833,0.10131712259371835,4.3763006362967821e-16
plane,8,10,10,10,10,100,100,0.10000000000000001,0.10000000000000001,0
sphere_normal,0.20000000000000001,3,3,3.0000000540000071,3.0000000540000071,9,9.0000003240000463,0.33333333333333331,0.33333332733333265,3.6000005149756163e-08
sphere_normal,0.33000000000000002,3.6500000000000004,3.6500000000000004,3.6500000696000079,3.6500000696000079,13.322500000000003,13.322500508080063,0.27397260273972601,0.27397259751548081,3.8136990790189224e-08
sphere_normal,0.46000000000000002,4.2999999999999998,4.2999999999999998,4.3000000852000095,4.3000000852000095,18.489999999999998,18.490000732720091,0.23255813953488372,0.23255813492698713,3.9627911984853854e-08
sphere_normal,0.59000000000000008,4.9500000000000002,4.9500000000000002,4.9500001008000103,4.9500001008000103,24.502500000000001,24.502500997920112,0.20202020202020202,0.20202019790633574,4.0727277257013788e-08
sphere_normal,0.71999999999999997,5.5999999999999996,5.5999999999999996,5.6000001164000111,5.6000001164000111,31.359999999999996,31.360001303680136,0.17857142857142858,0.1785714248596936,4.1571433030656575e-08
sphere_normal,0.85000000000000009,6.25,6.25,6.2500001320000118,6.2500001320000118,39.0625,39.062501650000165,0.16,0.15999999662079978,4.2240004222549034e-08
sphere_normal,0.97999999999999998,6.9000000000000004,6.9000000000000004,6.9000001476000135,6.9000001476000135,47.610000000000007,47.610002036880211,0.14492753623188406,0.14492753313169482,4.2782612981712736e-08
sphere_normal,1.1100000000000001,7.5500000000000007,7.5500000000000007,7.5500001632000133,7.5500001632000133,57.002500000000012,57.00250246432023,0.1324503311258278,0.13245032826279532,4.3231791905786682e-08
sphere_normal,1.24,8.1999999999999993,8.1999999999999993,8.2000001788000141,8.2000001788000141,67.239999999999995,67.240002932320266,0.12195121951219513,0.1219512168530635,4.3609760128538879e-08
sphere_normal,1.3699999999999999,8.8499999999999996,8.8499999999999996,8.850000194400014,8.850000194400014,78.322499999999991,78.322503440880283,0.11299435028248588,0.11299434780044036,4.3932207115517449e-08
sphere_normal,1.5,9.5,9.5,9.5000002100000156,9.5000002100000156,90.25,90.250003990000337,0.10526315789473684,0.10526315556786692,4.4210530052515322e-08
sphere_normal,1.6300000000000001,10.15,10.15,10.150000225600019,10.150000225600019,103.02250000000001,103.02250457968044,0.09852216748768472,0.098522165297871694,4.4453206200275091e-08
sphere_normal,1.76,10.800000000000001,10.800000000000001,10.800000241200017,10.800000241200017,116.64000000000001,116.64000520992043,0.092592592592592587,0.092592590524691251,4.4666670240568057e-08
sphere_normal,1.8899999999999999,11.449999999999999,11.449999999999999,11.450000256800019,11.450000256800019,131.10249999999999,131.10250588072049,0.087336244541484725,0.087336242582711901,4.4855898962097458e-08
sphere_normal,2.02,12.1,12.1,12.10000027240002,12.10000027240002,146.41,146.41000659208058,0.082644628099173556,0.082644626238644797,4.502479735645299e-08
sphere_normal,2.1500000000000004,12.750000000000002,12.750000000000002,12.750000288000024,12.750000288000024,162.56250000000006,162.56250734400069,0.078431372549019593,0.078431370777393206,4.51764745009888e-08
sphere_normal,2.2800000000000002,13.400000000000002,13.400000000000002,13.400000303600025,13.400000303600025,179.56000000000006,179.56000813648077,0.074626865671641784,0.074626863980841951,4.5313436822499085e-08
sphere_normal,2.4100000000000001,14.050000000000001,14.050000000000001,14.050000319200024,14.050000319200024,197.40250000000003,197.40250896952077,0.071174377224199281,0.071174375607198415,4.5437726143468209e-08
sphere_normal,2.54,14.699999999999999,14.699999999999999,14.700000334800025,14.700000334800025,216.08999999999997,216.09000984312087,0.068027210884353748,0.068027209334999228,4.5551024538771356e-08
sphere_normal,2.6700000000000004,15.350000000000001,15.350000000000001,15.350000350400027,15.350000350400027,235.62250000000003,235.62251075728093,0.065146579804560248,0.065146578317435644,4.5654726964836516e-08
sphere_normal,2.8000000000000003,16,16,16.000000366000027,16.000000366000027,256,256.00001171200097,0.0625,0.06249999857031243,4.5750003785371973e-08
sphere_normal,2.9300000000000002,16.649999999999999,16.649999999999999,16.65000038160003,16.65000038160003,277.22249999999997,277.22251270728117,0.060060060060060066,0.060060058683548335,4.5837842168723814e-08
sphere_normal,3.0600000000000005,17.300000000000004,17.300000000000004,17.30000039720003,17.30000039720003,299.29000000000013,299.29001374312122,0.057803468208092471,0.057803466880951518,4.591907877768335e-08
sphere_normal,3.1900000000000004,17.950000000000003,17.950000000000003,17.95000041280003,17.95000041280003,322.2025000000001,322.20251481952124,0.055710306406685228,0.055710305125503311,4.5994432510323322e-08
sphere_normal,3.3200000000000003,18.600000000000001,18.600000000000001,18.60000042840003,18.60000042840003,345.96000000000004,345.96001593648128,0.053763440860215048,0.053763439621921552,4.6064519735044489e-08
sphere_normal,3.4500000000000002,19.25,19.25,19.250000444000033,19.250000444000033,370.5625,370.56251709400146,0.051948051948051951,0.051948050749873444,4.6129874080895646e-08
sphere_normal,3.5800000000000001,19.899999999999999,19.899999999999999,19.900000459600037,19.900000459600037,396.00999999999993,396.01001829208167,0.050251256281407038,0.050251255120830216,4.6190959151944995e-08
sphere_normal,3.7100000000000004,20.550000000000004,20.550000000000004,20.550000475200033,20.550000475200033,422.30250000000018,422.30251953072155,0.048661800486617994,0.048661799361358213,4.6248178437007785e-08
sphere_normal,3.8400000000000003,21.200000000000003,21.200000000000003,21.200000490800033,21.200000490800033,449.44000000000011,449.44002080992163,0.047169811320754713,0.047169810228729035,4.6301890180821759e-08
sphere_normal,3.9700000000000002,21.850000000000001,21.850000000000001,21.850000506400036,21.850000506400036,477.42250000000007,477.42252212968185,0.045766590389016017,0.045766589328320249,4.6352406477030176e-08
sphere_normal,4.1000000000000005,22.500000000000004,22.500000000000004,22.50000052200004,22.50000052200004,506.25000000000017,506.25002349000204,0.044444444444444439,0.044444443413333277,4.6400003684763665e-08
sphere_normal,4.2300000000000004,23.150000000000002,23.150000000000002,23.150000537600036,23.150000537600036,535.92250000000013,535.92252489088196,0.043196544276457881,0.043196543273327725,4.6444927824651819e-08
sphere_normal,4.3600000000000003,23.800000000000001,23.800000000000001,23.800000553200039,23.800000553200039,566.44000000000005,566.44002633232219,0.042016806722689072,0.042016805746063084,4.6487398729103454e-08
sphere_normal,4.4900000000000002,24.450000000000003,24.450000000000003,24.450000568800032,24.450000568800032,597.80250000000012,597.80252781432193,0.04089979550102249,0.040899794549537648,4.6527610391546809e-08
sphere_normal,4.6200000000000001,25.100000000000001,25.100000000000001,25.100000584400046,25.100000584400046,630.0100000000001,630.01002933688267,0.039840637450199202,0.039840636522594827,4.6565741118946443e-08
sphere_normal,4.75,25.75,25.75,25.750000600000032,25.750000600000032,663.0625,663.062530900002,0.038834951456310676,0.038834950551418577,4.6601944767580931e-08
sphere_normal,4.8799999999999999,26.399999999999999,26.399999999999999,26.400000615600042,26.400000615600042,696.95999999999992,696.96003250368267,0.03787878787878788,0.037878786995523377,4.6636367576632756e-08
sphere_normal,5.0100000000000007,27.050000000000004,27.050000000000004,27.050000631200046,27.050000631200046,731.70250000000021,731.70253414792285,0.036968576709796669,0.03696857584715095,4.6669134837676544e-08
sphere_normal,5.1400000000000006,27.700000000000003,27.700000000000003,27.700000646800042,27.700000646800042,767.29000000000019,767.29003583272277,0.036101083032490974,0.036101082189524132,4.670036436551243e-08
sphere_normal,5.2700000000000005,28.350000000000001,28.350000000000001,28.350000662400046,28.350000662400046,803.72250000000008,803.72253755808299,0.035273368606701938,0.035273367782536848,4.6730162349091263e-08
sphere_normal,5.4000000000000004,29,29,29.000000678000049,29.000000678000049,841,841.0000393240033,0.034482758620689655,0.0344827578145065,4.6758624609173497e-08
sphere_normal,5.5300000000000002,29.650000000000002,29.650000000000002,29.650000693600042,29.650000693600042,879.12250000000017,879.122541130483,0.033726812816188868,0.033726812027220297,4.6785837955019408e-08
sphere_normal,5.6600000000000001,30.300000000000001,30.300000000000001,30.300000709200045,30.300000709200045,918.09000000000003,918.09004297752324,0.033003300330033,0.033003299557559686,4.6811884682122679e-08
sphere_normal,5.79,30.949999999999999,30.949999999999999,30.950000724800049,30.950000724800049,957.90249999999992,957.90254486512356,0.032310177705977383,0.032310176949324143,4.6836837403704871e-08
sphere_normal,5.9200000000000008,31.600000000000005,31.600000000000005,31.600000740400052,31.600000740400052,998.56000000000029,998.56004679328385,0.03164556962025316,0.031645568878785418,4.6860763057857848e-08
sphere_normal,6.0500000000000007,32.25,32.25,32.250000756000048,32.250000756000048,1040.0625,1040.0625487620036,0.031007751937984496,0.031007751211105071,4.6883724433663812e-08
sphere_normal,6.1800000000000006,32.900000000000006,32.900000000000006,32.900000771600055,32.900000771600055,1082.4100000000003,1082.4100507712842,0.030395136778115495,0.030395136065261744,4.6905778674717672e-08
sphere_normal,6.3100000000000005,33.550000000000004,33.550000000000004,33.550000787200048,33.550000787200048,1125.6025000000002,1125.6025528211239,0.029806259314456032,0.029806258615097222,4.6926977991930053e-08
sphere_normal,6.4400000000000004,34.200000000000003,34.200000000000003,34.200000802800062,34.200000802800062,1169.6400000000001,1169.6400549115249,0.029239766081871343,0.029239765395506271,4.6947372512041366e-08
sphere_normal,6.5700000000000003,34.850000000000001,34.850000000000001,34.850000818400055,34.850000818400055,1214.5225,1214.5225570424846,0.028694404591104734,0.028694403917259633,4.6967005151126114e-08
sphere_normal,6.7000000000000002,35.5,35.5,35.500000834000055,35.500000834000055,1260.25,1260.2500592140045,0.028169014084507043,0.028169013422733556,4.6985919081770032e-08
sphere_normal,6.8300000000000001,36.149999999999999,36.149999999999999,36.150000849600055,36.150000849600055,1306.8225,1306.8225614260846,0.027662517289073308,0.02766251663894673,4.7004152886131615e-08
sphere_normal,6.96,36.799999999999997,36.799999999999997,36.800000865200055,36.800000865200055,1354.2399999999998,1354.2400636787247,0.027173913043478264,0.02717391240459591,4.7021742769184498e-08
sphere_normal,7.0900000000000007,37.450000000000003,37.450000000000003,37.450000880800062,37.450000880800062,1402.5025000000003,1402.5025659719254,0.026702269692923896,0.026702269064903597,4.7038721924677019e-08
sphere_normal,7.2200000000000006,38.100000000000001,38.100000000000001,38.100000896400061,38.100000896400061,1451.6100000000001,1451.6100683056854,0.026246719160104987,0.026246718542583723,4.7055121773535735e-08
sphere_normal,7.3500000000000005,38.75,38.75,38.750000912000068,38.750000912000068,1501.5625,1501.562570680006,0.025806451612903226,0.025806451005535868,4.7070971769101442e-08
sphere_normal,7.4800000000000004,39.400000000000006,39.400000000000006,39.400000927600061,39.400000927600061,1552.3600000000004,1552.3600730948856,0.025380710659898473,0.025380710062356645,4.7086297790382869e-08
sphere_normal,7.6100000000000003,40.049999999999997,40.049999999999997,40.050000943200061,40.050000943200061,1604.0024999999998,1604.0025755503257,0.024968789013732836,0.024968788425703801,4.7101127240170855e-08
sphere_normal,7.7400000000000002,40.700000000000003,40.700000000000003,40.700000958800061,40.700000958800061,1656.4900000000002,1656.4900780463258,0.024570024570024569,0.024570023991210308,4.711548249480815e-08
sphere_normal,7.8700000000000001,41.350000000000001,41.350000000000001,41.350000974400061,41.350000974400061,1709.8225000000002,1709.8225805828861,0.024183796856106408,0.024183796286222671,4.7129386738938489e-08
sphere_normal,8,42,42,42.000000990000053,42.000000990000053,1764,1764.0000831600055,0.023809523809523808,0.023809523248299304,4.7142860253982706e-08
cylinder_normal,0.20000000000000001,3,2.2000000000000002,3.0000000540000045,2.2000000000000011,6.6000000000000005,6.600000118800013,0.38924947208076149,0.38924946857751586,1.800000189304414e-08
cylinder_normal,0.33000000000000002,3.6500000000000004,2.3300000000000001,3.6500000696000048,2.330000000000001,8.5045000000000019,8.5045001621680143,0.34290641295082375,0.34290640968146924,1.9068494603095579e-08
cylinder_normal,0.46000000000000002,4.2999999999999998,2.46,4.300000085200006,2.4600000000000013,10.577999999999999,10.57800020959202,0.30746679345779931,0.30746679041173269,1.9813955396472942e-08
cylinder_normal,0.59000000000000008,4.9500000000000002,2.5899999999999999,4.9500001008000059,2.5900000000000012,12.820499999999999,12.820500261072022,0.27928494051788399,0.27928493767425533,2.0363638131664777e-08
cylinder_normal,0.71999999999999997,5.5999999999999996,2.7199999999999998,5.6000001164000066,2.7200000000000011,15.231999999999998,15.232000316608024,0.25622501927837121,0.25622501661546099,2.0785716052180026e-08
cylinder_normal,0.85000000000000009,6.25,2.8500000000000001,6.2500001320000074,2.850000000000001,17.8125,17.812500376200028,0.23693955110363693,0.23693954860155514,2.1120001548026042e-08
cylinder_normal,0.97999999999999998,6.9000000000000004,2.98,6.900000147600009,2.9800000000000009,20.562000000000001,20.562000439848031,0.2205298197979024,0.22052981743919209,2.1391305806745553e-08
cylinder_normal,1.1100000000000001,7.5500000000000007,3.1100000000000003,7.5500001632000089,3.1100000000000012,23.480500000000006,23.480500507552037,0.20636988857056227,0.20636988634012737,2.1615895344066645e-08
cylinder_normal,1.24,8.1999999999999993,3.2400000000000002,8.2000001788000088,3.2400000000000011,26.567999999999998,26.568000579312038,0.19400841549154951,0.19400841337638447,2.1804879558736817e-08
cylinder_normal,1.3699999999999999,8.8499999999999996,3.3700000000000001,8.8500001944000086,3.370000000000001,29.8245,29.824500655128038,0.18311056986419399,0.18311056785308125,2.1966102940619562e-08
cylinder_normal,1.5,9.5,3.5,9.5000002100000103,3.5000000000000013,33.25,33.25000073500005,0.17342199390482399,0.1734219919880545,2.2105264666346817e-08
cylinder_normal,1.6300000000000001,10.15,3.6299999999999999,10.150000225600012,3.6300000000000012,36.844500000000004,36.844500818928054,0.16474554006653405,0.16474553823566726,2.222660236142113e-08
cylinder_normal,1.76,10.800000000000001,3.7599999999999998,10.800000241200012,3.7600000000000011,40.607999999999997,40.608000906912054,0.15692574524056446,0.15692574348822688,2.2333334726263896e-08
cylinder_normal,1.8899999999999999,11.449999999999999,3.8899999999999997,11.450000256800012,3.8900000000000015,44.540499999999994,44.540500998952055,0.14983816852151846,0.14983816684123707,2.2427948959415238e-08
cylinder_normal,2.02,12.1,4.0199999999999996,12.100000272400013,4.0200000000000014,48.641999999999996,48.642001095048073,0.14338188588102541,0.14338188426709036,2.2512398279354587e-08
cylinder_normal,2.1500000000000004,12.750000000000002,4.1500000000000004,12.750000288000017,4.1500000000000012,52.912500000000009,52.912501195200086,0.13747409179705974,0.1374740902444111,2.2588236760217512e-08
cylinder_normal,2.2800000000000002,13.400000000000002,4.2800000000000002,13.400000303600017,4.2800000000000011,57.352000000000011,57.352001299408087,0.1320461418146725,0.13204614031880646,2.2656717747412808e-08
cylinder_normal,2.4100000000000001,14.050000000000001,4.4100000000000001,14.050000319200016,4.410000000000001,61.960500000000003,61.960501407672091,0.12704060202671624,0.12704060058360725,2.2718862619556835e-08
cylinder_normal,2.54,14.699999999999999,4.54,14.700000334800016,4.5400000000000018,66.738,66.738001519992096,0.12240901582458703,0.12240901443062308,2.2775511652019087e-08
cylinder_normal,2.6700000000000004,15.350000000000001,4.6699999999999999,15.35000035040002,4.6700000000000017,71.6845,71.684501636368125,0.11811019045269097,0.11811018910461889,2.2827363313493114e-08
cylinder_normal,2.8000000000000003,16,4.8000000000000007,16.00000036600002,4.8000000000000016,76.800000000000011,76.800001756800114,0.1141088661469096,0.11410886484178938,2.2875001337574471e-08
cylinder_normal,2.9300000000000002,16.649999999999999,4.9299999999999997,16.650000381600019,4.9300000000000015,82.084499999999991,82.084501881288119,0.11037467084209596,0.11037466957726183,2.2918920477645604e-08
cylinder_normal,3.0600000000000005,17.300000000000004,5.0600000000000005,17.300000397200023,5.0600000000000014,87.538000000000025,87.538002009832141,0.10688129077534961,0.10688128954837707,2.2959538895630589e-08
cylinder_normal,3.1900000000000004,17.950000000000003,5.1900000000000004,17.950000412800023,5.1900000000000013,93.160500000000027,93.160502142432136,0.10360580622793172,0.1036058050366092,2.2997215655277883e-08
cylinder_normal,3.3200000000000003,18.600000000000001,5.3200000000000003,18.600000428400023,5.3200000000000012,98.952000000000012,98.952002279088148,0.10052815494243714,0.10052815378474188,2.3032259438843317e-08
cylinder_normal,3.4500000000000002,19.25,5.4500000000000002,19.250000444000023,5.4500000000000011,104.91250000000001,104.91250241980015,0.097630695229618758,0.097630694103695903,2.3064936397655351e-08
cylinder_normal,3.5800000000000001,19.899999999999999,5.5800000000000001,19.900000459600022,5.580000000000001,111.04199999999999,111.04200256456815,0.094897847626398371,0.094897846530542784,2.3095478856341379e-08
cylinder_normal,3.7100000000000004,20.550000000000004,5.7100000000000009,20.550000475200026,5.7100000000000017,117.34050000000005,117.34050271339218,0.092315798974028848,0.092315797906669508,2.312408874155705e-08
cylinder_normal,3.8400000000000003,21.200000000000003,5.8399999999999999,21.200000490800026,5.8400000000000016,123.80800000000001,123.80800286627219,0.089872256489033381,0.08987225544871956,2.3150944875574767e-08
cylinder_normal,3.9700000000000002,21.850000000000001,5.9700000000000006,21.850000506400026,5.9700000000000015,130.44450000000003,130.4445030232082,0.087556242167813172,0.087556241153202582,2.3176202642401676e-08
cylinder_normal,4.1000000000000005,22.500000000000004,6.1000000000000005,22.500000522000022,6.1000000000000014,137.25000000000003,137.25000318420015,0.085357919955263969,0.085357918965112078,2.3200000910062332e-08
cylinder_normal,4.2300000000000004,23.150000000000002,6.2300000000000004,23.150000537600022,6.2300000000000004,144.22450000000003,144.22450334924815,0.083268449699284611,0.083268448732435371,2.3222463050204218e-08
cylinder_normal,4.3600000000000003,23.800000000000001,6.3600000000000003,23.800000553200025,6.3600000000000003,151.36800000000002,151.3680035183522,0.081279863135749725,0.081279862191127414,2.3243698622956339e-08
cylinder_normal,4.4900000000000002,24.450000000000003,6.4900000000000002,24.450000568800025,6.4900000000000011,158.68050000000002,158.6805036915122,0.079384958095386302,0.079384957171988235,2.3263804795351896e-08
cylinder_normal,4.6200000000000001,25.100000000000001,6.6200000000000001,25.100000584400025,6.6200000000000019,166.16200000000001,166.16200386872819,0.077577207862802061,0.077577206959692072,2.3282869644126892e-08
cylinder_normal,4.75,25.75,6.75,25.750000600000021,6.7500000000000009,173.8125,173.81250405000017,0.075850683198476571,0.075850682314779261,2.3300971861481042e-08
cylinder_normal,4.8799999999999999,26.399999999999999,6.8799999999999999,26.400000615600025,6.8800000000000017,181.63199999999998,181.63200423532822,0.074199984993796556,0.074199984128692151,2.3318183184210144e-08
cylinder_normal,5.0100000000000007,27.050000000000004,7.0100000000000007,27.050000631200028,7.0100000000000042,189.62050000000005,189.62050442471229,0.072620185894834918,0.072620185047554645,2.3334566909165958e-08
cylinder_normal,5.1400000000000006,27.700000000000003,7.1400000000000006,27.700000646800028,7.1400000000000006,197.77800000000005,197.77800461815221,0.071106779523378849,0.07110677869320077,2.3350181411363267e-08
cylinder_normal,5.2700000000000005,28.350000000000001,7.2700000000000005,28.350000662400028,7.2700000000000031,206.10450000000003,206.10450481564826,0.069655636159537099,0.069655635345782341,2.3365080457127691e-08
cylinder_normal,5.4000000000000004,29,7.4000000000000004,29.000000678000031,7.4000000000000021,214.60000000000002,214.60000501720029,0.068262963941211507,0.068262963143240971,2.3379311583928305e-08
cylinder_normal,5.5300000000000002,29.650000000000002,7.5300000000000002,29.650000693600031,7.5300000000000029,223.26450000000003,223.26450522280828,0.066925274791130862,0.066925274008342125,2.3392918512400895e-08
cylinder_normal,5.6600000000000001,30.300000000000001,7.6600000000000001,30.300000709200031,7.660000000000001,232.09800000000001,232.09800543247229,0.065639354409247452,0.065639353641072012,2.3405941792880373e-08
cylinder_normal,5.79,30.949999999999999,7.79,30.950000724800027,7.7900000000000036,241.10049999999998,241.10050564619229,0.064402235772727481,0.064402235018628268,2.3418418072900565e-08
cylinder_normal,5.9200000000000008,31.600000000000005,7.9200000000000008,31.600000740400038,7.9200000000000044,250.27200000000008,250.27200586396842,0.063211175671948575,0.063211174931417619,2.3430381106301018e-08
cylinder_normal,6.0500000000000007,32.25,8.0500000000000007,32.250000756000034,8.0500000000000007,259.61250000000001,259.61250608580031,0.062063633882341304,0.062063633154897768,2.3441861597308458e-08
cylinder_normal,6.1800000000000006,32.900000000000006,8.1799999999999997,32.900000771600034,8.1800000000000015,269.12200000000001,269.12200631168832,0.060957254631341121,0.060957253916529279,2.3452888689067145e-08
cylinder_normal,6.3100000000000005,33.550000000000004,8.3100000000000005,33.550000787200034,8.3100000000000023,278.80050000000006,278.80050654163233,0.059889850069360241,0.059889849366747849,2.3463488315454918e-08
cylinder_normal,6.4400000000000004,34.200000000000003,8.4400000000000013,34.200000802800034,8.4400000000000013,288.64800000000008,288.64800677563233,0.058859385495307615,0.058859384804484292,2.3473685113942486e-08
cylinder_normal,6.5700000000000003,34.850000000000001,8.5700000000000003,34.850000818400034,8.5700000000000003,298.66450000000003,298.66450701368831,0.057863966122202945,0.057863965442778692,2.3483501640963639e-08
cylinder_normal,6.7000000000000002,35.5,8.6999999999999993,35.500000834000033,8.7000000000000011,308.84999999999997,308.85000725580034,0.056901825197992362,0.056901824529596252,2.3492958942597362e-08
cylinder_normal,6.8300000000000001,36.149999999999999,8.8300000000000001,36.150000849600033,8.8300000000000018,319.2045,319.20450750196835,0.055971313321712748,0.055971312663991739,2.3502075800850655e-08
cylinder_normal,6.96,36.799999999999997,8.9600000000000009,36.80000086520004,8.9600000000000009,329.72800000000001,329.72800775219241,0.055070888816425106,0.055070888169042841,2.3510870786456965e-08
cylinder_normal,7.0900000000000007,37.450000000000003,9.0899999999999999,37.45000088080004,9.0900000000000034,340.4205,340.42050800647252,0.054199109038467461,0.054199108401103271,2.351936065111809e-08
cylinder_normal,7.2200000000000006,38.100000000000001,9.2200000000000006,38.10000089640004,9.2200000000000006,351.28200000000004,351.28200826480838,0.05335462251807329,0.053354621890421255,2.3527560069326291e-08
cylinder_normal,7.3500000000000005,38.75,9.3500000000000014,38.75000091200004,9.3500000000000032,362.31250000000006,362.31250852720052,0.052536161839682051,0.05253616122145003,2.3535485151517433e-08
cylinder_normal,7.4800000000000004,39.400000000000006,9.4800000000000004,39.40000092760004,9.4800000000000004,373.51200000000006,373.51200879364842,0.051742537181681855,0.051742536572590751,2.3543148178293416e-08
cylinder_normal,7.6100000000000003,40.049999999999997,9.6099999999999994,40.05000094320004,9.610000000000003,384.88049999999993,384.88050906415248,0.050972630445158845,0.050972629844941782,2.3550563227570095e-08
cylinder_normal,7.7400000000000002,40.700000000000003,9.7400000000000002,40.70000095880004,9.740000000000002,396.41800000000006,396.41800933871247,0.050225389909722265,0.050225389318123925,2.3557740573071173e-08
cylinder_normal,7.8700000000000001,41.350000000000001,9.870000000000001,41.350000974400032,9.8700000000000028,408.12450000000007,408.12450961732844,0.049499825361830445,0.049499824778606372,2.3564692572190347e-08
cylinder_normal,8,42,10,42.000000990000039,10,420,420.00000990000041,0.048795003647426664,0.04879500307234267,2.3571429540511633e-08
sphere_oblique_45deg,0.20000000000000001,3.3313708498984762,2.7656854249492384,3.33137091865997,2.7656854374345188,9.2135238046649732,9.2135240364307336,0.32944818469973119,0.32944818055610442,2.5154953226893075e-08
sphere_oblique_45deg,0.33000000000000002,4.1967619023324856,3.2633809511662428,4.1967620249850617,3.2633809671707623,13.695632848652037,13.695633316081278,0.27021468510265073,0.27021468049146397,3.4129802205448137e-08
sphere_oblique_45deg,0.46000000000000002,5.0621529547664945,3.7610764773832477,5.0621531313097599,3.7610764969070063,19.039144403088365,19.039145165913343,0.22917977361917027,0.22917976902799625,4.006613753985949e-08
sphere_oblique_45deg,0.59000000000000008,5.9275440072005043,4.2587720036002521,5.9275442376346543,4.2587720266432489,25.244058467973957,25.244059585928849,0.19903085621586686,0.19903085180874047,4.4285862067143454e-08
sphere_oblique_45deg,0.71999999999999997,6.7929350596345133,4.7564675298172565,6.7929353439587636,4.7564675563794925,32.310375043308809,32.310376576123424,0.17592558361770863,0.17592557944472556,4.7440322581716827e-08
sphere_oblique_45deg,0.85000000000000009,7.658326112068524,5.2541630560342618,7.658326450285621,5.2541630861157369,40.238094129092943,40.238096136514471,0.15764539857181115,0.15764539463945848,4.9888583741568558e-08
sphere_oblique_45deg,0.97999999999999998,8.523717164502532,5.7518585822512662,8.5237175566093377,5.7518586158519787,49.027215725326315,49.027218267072193,0.14281748630700866,0.14281748260492466,5.1843569761318887e-08
sphere_oblique_45deg,1.1100000000000001,9.3891082169365419,6.2495541084682724,9.3891086629338396,6.2495541455882249,58.677739832008982,58.677742967816492,0.13054592246353922,0.13054591897527545,5.3441177515076615e-08
sphere_oblique_45deg,1.24,10.254499269370552,6.7472496346852759,10.254499769259128,6.7472496753244684,69.189666449140887,69.189670238748477,0.12022073575099024,0.12022073245866774,5.477129438535657e-08
sphere_oblique_45deg,1.3699999999999999,11.11989032180456,7.2449451609022804,11.119890875583632,7.2449452050607093,80.562995576722045,80.563000079857972,0.11141205807837773,0.11141205496464283,5.5895835229734754e-08
sphere_oblique_45deg,1.5,11.98528137423857,7.7426406871192857,11.985281981910489,7.7426407347969555,92.797727214752499,92.797732491168148,0.10380812101874078,0.10380811806751133,5.6859319809423618e-08
sphere_oblique_45deg,1.6300000000000001,12.850672426672581,8.2403362133362901,12.850673088235778,8.2403362645331981,105.8938613632322,105.89386747265011,0.097177250594849829,0.097177247791588137,5.7693787265742381e-08
sphere_oblique_45deg,1.76,13.716063479106589,8.7380317395532945,13.716064194559493,8.7380317942694425,119.85139802216116,119.85140502430154,0.091343668145223461,0.091343665476914346,5.8423518575366181e-08
sphere_oblique_45deg,1.8899999999999999,14.581454531540597,9.2357272657702989,14.581455300884782,9.2357273240056834,134.67033719153937,134.67034514614909,0.086171574088941202,0.086171571543981335,5.906727405545895e-08
sphere_oblique_45deg,2.02,15.446845583974607,9.7334227919873051,15.446846407208497,9.7334228537419278,150.35067887136688,150.35068783816456,0.081554382416273136,0.081554379984353234,5.9639223093556811e-08
sphere_oblique_45deg,2.1500000000000004,16.31223663640862,10.23111831820431,16.312237513535354,10.231118383478172,166.89242306164368,166.89243310039384,0.077407259113952215,0.077407256785889361,6.0151024100738345e-08
sphere_oblique_45deg,2.2800000000000002,17.177627688842627,10.728813844421314,17.177628619859075,10.728813913214415,184.29556976236967,184.29558093277416,0.073661838198266438,0.073661835965894568,6.0611356559306715e-08
sphere_oblique_45deg,2.4100000000000001,18.043018741276637,11.226509370638318,18.043019726184358,11.226509442950658,202.56011897354495,202.56013133535367,0.070262407780620581,0.070262405636638811,6.1027850848914546e-08
sphere_oblique_45deg,2.54,18.908409793710646,11.724204896855323,18.908410832509649,11.724204972686904,221.68607069516949,221.68608430811653,0.067163109862685727,0.067163107800562893,6.1406415841538758e-08
sphere_oblique_45deg,2.6700000000000004,19.773800846144656,12.221900423072329,19.773801938833362,12.22190050242315,241.67342492724336,241.67343985104333,0.064325852653368196,0.064325850667245568,6.1751928127698885e-08
sphere_oblique_45deg,2.8000000000000003,20.639191898578666,12.719595949289335,20.639193045160223,12.719596032159393,262.52218166976644,262.52219796419172,0.061718732374132085,0.061718730458729699,6.2068756154789342e-08
sphere_oblique_45deg,2.9300000000000002,21.504582951012672,13.217291475506338,21.50458415148394,13.217291561895635,284.23234092273873,284.2323586474833,0.059314825086231045,0.059314823236793233,6.2360055540309769e-08
sphere_oblique_45deg,3.0600000000000005,22.369974003446686,13.714987001723344,22.369975257810793,13.71498709163188,306.80390268616043,306.80392190099957,0.057091251083395016,0.057091249295609499,6.2629057107134467e-08
sphere_oblique_45deg,3.1900000000000004,23.235365055880695,14.212682527940348,23.235366364134514,14.212682621368124,330.23686696003125,330.23688772465607,0.055028442677811575,0.055028440947773191,6.2877973051630586e-08
sphere_oblique_45deg,3.3200000000000003,24.100756108314702,14.710378054157353,24.10075747045823,14.710378151104367,354.53123374435137,354.53125611849407,0.053109565576118505,0.053109563900270475,6.3109087641776917e-08
sphere_oblique_45deg,3.4500000000000002,24.966147160748712,15.208073580374357,24.966148576788228,15.208073680840606,379.68700303912073,379.68702708260918,0.051320057513572326,0.051320055888664,6.3324496912725082e-08
sphere_oblique_45deg,3.5800000000000001,25.831538213182718,15.705769106591362,25.831539683105664,15.705769210576852,405.70417484433938,405.70420061671501,0.049647257319165354,0.049647255742243324,6.3525044193019878e-08
sphere_oblique_45deg,3.7100000000000004,26.696929265616731,16.20346463280837,26.696930789432525,16.203464740313095,432.58274916000744,432.58277672114895,0.048080104379428369,0.048080102847764782,6.3712992626779877e-08
sphere_oblique_45deg,3.8400000000000003,27.562320318050741,16.70116015902537,27.562321895759382,16.701160270049343,460.32272598612451,460.32275539576767,0.046608893386213816,0.046608891897311815,6.3889183612797168e-08
sphere_oblique_45deg,3.9700000000000002,28.427711370484751,17.198855685242378,28.427713002083095,17.198855799785584,488.92410532269105,488.92413664051691,0.045225072853262722,0.045225071404826379,6.4054575172354073e-08
sphere_oblique_45deg,4.1000000000000005,29.293102422918761,17.696551211459383,29.293104108406816,17.696551329521828,518.38688716970682,518.38692045544792,0.043921078549108823,0.043921077139017613,6.4210229696332247e-08
sphere_oblique_45deg,4.2300000000000004,30.15849347535277,18.194246737676387,30.158495214730532,18.194246859258072,548.71107152717173,548.71110684056055,0.042690194983197878,0.042690193609491875,6.4356982487776416e-08
sphere_oblique_45deg,4.3600000000000003,31.023884527786777,18.691942263893392,31.023886321054249,18.691942388994317,579.89665839508598,579.89669579585484,0.041526439582116062,0.041526438242980308,6.4495575753302165e-08
sphere_oblique_45deg,4.4900000000000002,31.88927558022079,19.189637790110396,31.889277427381106,19.189637918730558,611.94364777344947,611.94368732139094,0.040424465333727198,0.040424464027475945,6.4626770149676042e-08
sphere_oblique_45deg,4.6200000000000001,32.754666632654796,19.6873333163274,32.754668533707964,19.687333448466802,644.8520396622622,644.85208141711189,0.039379478551888017,0.03937947727695669,6.4751054694178115e-08
sphere_oblique_45deg,4.75,33.620057685088803,20.185028842544405,33.620059640031684,20.185028978203039,678.62183406152417,678.62187808295403,0.038387169090444956,0.038387167845378926,6.4868867531648267e-08
sphere_oblique_45deg,4.8799999999999999,34.485448737522816,20.682724368761409,34.485450746358538,20.682724507939287,713.25303097123549,713.25307731904297,0.03744365086139953,0.037443649644838949,6.4980877011289224e-08
sphere_oblique_45deg,5.0100000000000007,35.350839789956829,21.180419894978417,35.350841852685392,21.180420037675532,748.74563039139628,748.74567912531654,0.036545410924489811,0.036545409735166644,6.5087418594898714e-08
sphere_oblique_45deg,5.1400000000000006,36.216230842390836,21.678115421195422,36.216232959009112,21.678115567411773,785.09963232200607,785.09968350170675,0.03568926574069415,0.035689264577424058,6.5188797153319045e-08
sphere_oblique_45deg,5.2700000000000005,37.081621894824849,22.175810947412426,37.081624065332832,22.175811097148021,822.31503676306522,822.31509044827897,0.034872323440296095,0.03487232230196835,6.5285457936246119e-08
sphere_oblique_45deg,5.4000000000000004,37.947012947258855,22.673506473629431,37.947015171656545,22.673506626884265,860.3918437145735,860.39189996503239,0.034091951162208818,0.034091950047781816,6.5377722148272656e-08
sphere_oblique_45deg,5.5300000000000002,38.812403999692862,23.171201999846435,38.812406277983399,23.171202156620502,899.33005317653101,899.33011205204002,0.033345746686659079,0.033345745595153409,6.5465964140877806e-08
sphere_oblique_45deg,5.6600000000000001,39.677795052126868,23.668897526063439,39.677797384303986,23.668897686356754,939.12966514893776,939.12972670908471,0.032631513716800342,0.032631512647299105,6.5550210190076478e-08
sphere_oblique_45deg,5.79,40.543186104560881,24.16659305228044,40.543188490627699,24.166593216092991,979.79067963179386,979.7907439363828,0.031947240273068001,0.031947239224704251,6.5630945740455476e-08
sphere_oblique_45deg,5.9200000000000008,41.408577156994895,24.664288578497452,41.408579596951419,24.664288745829239,1021.3130966250997,1021.3131637338631,0.03129107975229669,0.03129107872425467,6.5708315776831174e-08
sphere_oblique_45deg,6.0500000000000007,42.273968209428901,25.161984104714453,42.273970703275133,25.16198427556548,1063.6969161288541,1063.6969861015248,0.030661334275828782,0.030661333267338813,6.5782526566872871e-08
sphere_oblique_45deg,6.1800000000000006,43.139359261862907,25.659679630931457,43.139361809611408,25.659679805301725,1106.9421381430579,1106.9422110396904,0.030056440010214416,0.030056439020545184,6.5854058612499027e-08
sphere_oblique_45deg,6.3100000000000005,44.004750314296921,26.157375157148465,44.004752915935128,26.157375335037969,1151.0487626677113,1151.0488385477217,0.029474954193125451,0.029474953221594186,6.5922498560030609e-08
sphere_oblique_45deg,6.4400000000000004,44.870141366730934,26.655070683365469,44.870144022246294,26.65507086477421,1196.0167897028139,1196.0168686256,0.028915543637743218,0.028915542683703447,6.5988025224460243e-08
sphere_oblique_45deg,6.5700000000000003,45.73553241916494,27.15276620958247,45.735535128582569,27.152766394510454,1241.8462192483653,1241.8463012743291,0.028376974522698533,0.028376973585525905,6.6051627447067588e-08
sphere_oblique_45deg,6.7000000000000002,46.600923471598946,27.650461735799475,46.600926234918838,27.650461924246695,1288.5370513043663,1288.5371364932523,0.027858103302889327,0.027858102381999754,6.6112872692522124e-08
sphere_oblique_45deg,6.8300000000000001,47.466314524032953,28.148157262016483,47.466317341242565,28.148157453982947,1336.0892858708166,1336.0893742820169,0.027357868600178376,0.027357867695021101,6.6171625826181148e-08
sphere_oblique_45deg,6.96,48.331705576466966,28.645852788233483,48.331708447553716,28.645852983719184,1384.5029229477161,1384.5030146406023,0.026875283952888348,0.026875283062939979,6.6228019186178204e-08
sphere_oblique_45deg,7.0900000000000007,49.197096628900979,29.143548314450491,49.197099553889998,29.143548513455436,1433.7779625350652,1433.7780575700897,0.026409431319815869,0.02640943044456848,6.6282944080664053e-08
sphere_oblique_45deg,7.2200000000000006,50.062487681334986,29.641243840667499,50.062490660201156,29.641244043191676,1483.9144046328631,1483.9145030690265,0.025959455248712002,0.025959454387695674,6.6335472646465163e-08
sphere_oblique_45deg,7.3500000000000005,50.927878733768999,30.1389393668845,50.927881766537425,30.138939572927914,1534.9122492411104,1534.9123511388887,0.025524557631254968,0.025524556784009274,6.6386712512534539e-08
sphere_oblique_45deg,7.4800000000000004,51.793269786202998,30.636634893101505,51.793272872861145,30.636635102664162,1586.7714963598066,1586.7716017785613,0.025103992976826885,0.025103992142922464,6.6436002203601489e-08
sphere_oblique_45deg,7.6100000000000003,52.658660838637012,31.134330419318509,52.658663979184873,31.134330632400403,1639.4921459889526,1639.4922549884152,0.024697064146190408,0.024697063325214659,6.6483674728886248e-08
sphere_oblique_45deg,7.7400000000000002,53.524051891071025,31.632025945535517,53.524055085508586,31.632026162136654,1693.074198128548,1693.0743107684509,0.024303118493683058,0.024303117685242185,6.6529808931884161e-08
sphere_oblique_45deg,7.8700000000000001,54.389442943505031,32.129721471752518,54.389446191832299,32.129721691872888,1747.517652778592,1747.5177691186675,0.023921544373005428,0.023921543576723301,6.6574477963024495e-08
sphere_oblique_45deg,8,55.254833995939038,32.627416997969519,55.254837298168574,32.627417221609136,1802.8225099390854,1802.8226300394761,0.023551767967238277,0.023551767182752731,6.6617978181204059e-08
sphere_oblique_70deg,0.20000000000000001,4.5390435201304697,2.4736161146605351,4.5390435656044739,2.4736160917925427,11.227851196540211,11.227851205226626,0.29843631984516594,0.29843631972972345,1.0018411129157866e-08
sphere_oblique_70deg,0.33000000000000002,6.1894218082152745,2.7814665891898831,6.1894228789293084,2.7814665591931425,17.215669965954017,17.215672758446818,0.24101164990592247,0.24101163035910211,1.7299096217005516e-07
sphere_oblique_70deg,0.46000000000000002,7.8398000963000793,3.0893170637192306,7.8398021922539893,3.0893170265937426,24.219628213647503,24.219634397657199,0.20319651910557435,0.20319649316444524,2.6734787676224785e-07
sphere_oblique_70deg,0.59000000000000008,9.490178384384885,3.3971675382485786,9.4901815055789314,3.3971674939943419,32.239725939620676,32.239736122859028,0.17611823697884799,0.17611820916450549,3.2888676270458555e-07
sphere_oblique_70deg,0.71999999999999997,11.140556672469689,3.7050180127779262,11.140560818903872,3.7050179613949425,41.275963143873511,41.275977934051596,0.15565081248383711,0.15565078459711512,3.7219272829687647e-07
sphere_oblique_70deg,0.85000000000000009,12.790934960554495,4.0128684873072746,12.790940132228291,4.0128684287955414,51.328339826406051,51.328359831232781,0.13957942059634157,0.13957939339634526,4.043233596852286e-07
sphere_oblique_70deg,0.97999999999999998,14.441313248639299,4.3207189618366222,14.441319445553495,4.3207188961961416,62.396855987218245,62.39688181440777,0.12659561017416143,0.12659558397406087,4.2911015704159937e-07
sphere_oblique_70deg,1.1100000000000001,16.091691536724106,4.6285694363659697,16.09169875887827,4.6285693635967409,74.481511626310137,74.481543883571661,0.11587126782454896,0.11587124273316389,4.4881261532496341e-07
sphere_oblique_70deg,1.24,17.742069824808908,4.9364199108953173,17.742078072203615,4.9364198309973419,87.582306743681684,87.582346038729014,0.10685425243166415,0.1068542284608323,4.6484963638211571e-07
sphere_oblique_70deg,1.3699999999999999,19.392448112893714,5.2442703854246648,19.392457385527393,5.2442702983979403,101.69924133933293,101.69928827986908,0.099161056079150378,0.099161033194655537,4.7815694158762065e-07
sphere_oblique_70deg,1.5,21.04282640097852,5.5521208599540124,21.042836698852174,5.5521207657985414,116.83231541326386,116.83237060700478,0.092516353768529236,0.092516331915320923,4.8937692389904592e-07
sphere_oblique_70deg,1.6300000000000001,22.693204689063325,5.8599713344833608,22.69321601217699,5.8599712331991416,132.98152896547447,132.9815930201313,0.086717018789497419,0.086716997904541016,4.9896494653887591e-07
sphere_oblique_70deg,1.76,24.343582977148131,6.1678218090127084,24.343595325501813,6.1678217005997409,150.14688199596475,150.14695551924848,0.081609711211932751,0.081609691230792716,5.0725292547909254e-07
sphere_oblique_70deg,1.8899999999999999,25.993961265232933,6.4756722835420559,25.993974638827115,6.4756721680003402,168.32837450473471,168.32845810435944,0.077076384612177917,0.077076365472343505,5.1448850161152318e-07
sphere_oblique_70deg,2.02,27.644339553317739,6.7835227580714035,27.64435395215137,6.7835226354009404,187.52600649178433,187.52610077545427,0.073024610205815355,0.073024591848293158,5.2086010604158485e-07
sphere_oblique_70deg,2.1500000000000004,29.294717841402552,7.0913732326007528,29.294733265476758,7.0913731028015405,207.73977795711377,207.73988353254742,0.0693809382297218,0.069380920599685036,5.2651383398869482e-07
sphere_oblique_70deg,2.2800000000000002,30.945096129487354,7.3992237071301004,30.945112578800252,7.3992235702021398,228.96968890072273,228.96980637561754,0.066086233872333672,0.066086216919281016,5.3156444658074359e-07
sphere_oblique_70deg,2.4100000000000001,32.595474417572156,7.7070741816594479,32.595491892125835,7.7070740376027382,251.2157393226114,251.21586930469357,0.063092331598024423,0.06309231527566049,5.3610367671774029e-07
sphere_oblique_70deg,2.54,34.245852705656958,8.0149246561887963,34.24587120545246,8.0149245050033393,274.47792922277978,274.47807231976918,0.060359590640107548,0.060359574906106002,5.4020542752230203e-07
sphere_oblique_70deg,2.6700000000000004,35.896230993741767,8.3227751307181439,35.896250518777478,8.3227749724039395,298.75625860122784,298.75641542082315,0.05785507940571142,0.057855064221416029,5.4392996619346916e-07
sphere_oblique_70deg,2.8000000000000003,37.546609281826576,8.6306256052474914,37.546629832100969,8.6306254398045379,324.05072745795559,324.05089860785461,0.05555120700428004,0.055551192334385949,5.4732703659482133e-07
sphere_oblique_70deg,2.9300000000000002,39.196987569911379,8.9384760797768372,39.197009145427209,8.9384759072051398,350.3613357929629,350.36152188090063,0.053424677998784607,0.05342466381102589,5.5043811191705782e-07
sphere_oblique_70deg,3.0600000000000005,40.847365857996188,9.2463265543061866,40.847388458748533,9.24632637460574,377.68808360625007,377.68828523989265,0.051455684357549533,0.051455670622415482,5.5329766976260533e-07
sphere_oblique_70deg,3.1900000000000004,42.497744146080983,9.5541770288355359,42.497767772072692,9.5541768420063384,406.03097089781681,406.0311886849002,0.049627273875988025,0.049627260566443114,5.5593519570324003e-07
sphere_oblique_70deg,3.3200000000000003,44.148122434165792,9.8620275033648817,44.148147085401781,9.8620273094069404,435.38999766766318,435.39023221594681,0.047924851535945251,0.047924838627188521,5.5837563706455614e-07
sphere_oblique_70deg,3.4500000000000002,45.798500722250601,10.169877977894231,45.798526398722707,10.169877776807539,465.7651639157894,465.76541583290344,0.046335782161712004,0.046335769630964009,5.6064001443074163e-07
sphere_oblique_70deg,3.5800000000000001,47.448879010335396,10.477728452423577,47.448905712048386,10.477728244208139,497.15646964219502,497.15673953589828,0.044849071079831576,0.044849058906121994,5.627469720454726e-07
sphere_oblique_70deg,3.7100000000000004,49.099257298420206,10.785578926952926,49.099285025374449,10.785578711608741,529.56391484688061,529.56420332488847,0.043455105432875132,0.043455093596875008,5.6471229442775893e-07
sphere_oblique_70deg,3.8400000000000003,50.749635586505008,11.093429401482274,50.749664338697848,11.093429179009339,562.98749952984576,562.9878071998404,0.042145443083123013,0.042145431566985483,5.6654973986802487e-07
sphere_oblique_70deg,3.9700000000000002,52.400013874589817,11.401279876011621,52.400043652021999,11.40127964640994,597.4272236910906,597.42755116079081,0.040912639169755897,0.040912627956972446,5.6827145606316201e-07
sphere_oblique_70deg,4.1000000000000005,54.050392162674626,11.709130350540971,54.050422965349583,11.709130113810538,632.88308733061524,632.88343520777153,0.03975010269103825,0.039750091766313556,5.698880937583155e-07
sphere_oblique_70deg,4.2300000000000004,55.700770450759435,12.016980825070316,55.700802278674693,12.016980581211138,669.35509044841945,669.3554593407149,0.038651977203538496,0.038651966552681494,5.7140888717431313e-07
sphere_oblique_70deg,4.3600000000000003,57.35114873884423,12.324831299599666,57.351181591996188,12.324831048611737,706.84323304450322,706.84362355960445,0.037613041025504147,0.037613030635325853,5.7284209086576333e-07
sphere_oblique_70deg,4.4900000000000002,59.00152702692904,12.632681774129011,59.001560905321114,12.632681516012335,745.3475151188668,745.34792786452601,0.036628623315098023,0.036628613173319398,5.7419517393937193e-07
sphere_oblique_70deg,4.6200000000000001,60.651905315013835,12.940532248658361,60.651940218645265,12.940531983412937,784.86793667150994,784.86837225542854,0.035694533147529489,0.035694523242705105,5.7547460791472331e-07
sphere_oblique_70deg,4.75,62.302283603098644,13.248382723187706,62.302319531972266,13.248382450813537,825.40449770243276,825.40495673235887,0.034806999296660972,0.034806989618104765,5.7668630336111004e-07
sphere_oblique_70deg,4.8799999999999999,63.952661891183446,13.556233197717056,63.952698845297377,13.556232918214135,866.9571982116355,866.95768129525538,0.033962618878955485,0.033962609416678655,5.7783543073710076e-07
sphere_oblique_70deg,5.0100000000000007,65.603040179268262,13.864083672246405,65.60307815862248,13.864083385614737,909.52603819911803,909.52654594414298,0.033158313371860516,0.033158304116511633,5.7892674050206183e-07
sphere_oblique_70deg,5.1400000000000006,67.253418467353072,14.171934146775753,67.253457471944557,14.171933853015336,953.11101766488002,953.11155067897823,0.032391290797999371,0.032391281740813432,5.7996444455043466e-07
sphere_oblique_70deg,5.2700000000000005,68.903796755437867,14.4797846213051,68.903836785270613,14.479784320415938,997.71213660892147,997.71269549986039,0.031659013088105613,0.031659004220854492,5.8095249654227788e-07
sphere_oblique_70deg,5.4000000000000004,70.554175043522676,14.787635095834448,70.554216098595546,14.787634787816534,1043.3293950312429,1043.3299804067169,0.030959167812463481,0.030959159127416369,5.818943080958189e-07
sphere_oblique_70deg,5.5300000000000002,72.204553331607471,15.095485570363795,72.204595411922739,15.095485255217135,1089.9627929318438,1089.9634053995985,0.030289643612536062,0.030289635102418871,5.8279309719719086e-07
sphere_oblique_70deg,5.6600000000000001,73.85493161969228,15.403336044893143,73.854974725244801,15.403335722617738,1137.6123303107245,1137.6129704783934,0.029648508778977577,0.029648500436940381,5.8365164757243869e-07
sphere_oblique_70deg,5.79,75.50530990777709,15.71118651942249,75.505354038571809,15.711186190018337,1186.2780071678849,1186.2786756432547,0.029033992515100079,0.02903398433468176,5.8447273143807173e-07
sphere_oblique_70deg,5.9200000000000008,77.155688195861899,16.01903699395184,77.155733351895776,16.019036657418937,1235.959823503325,1235.9605208940593,0.028444468500553727,0.0284444604756568,5.8525864953491408e-07
sphere_oblique_70deg,6.0500000000000007,78.806066483946694,16.326887468481189,78.806112665215764,16.326887124819539,1286.6577793170447,1286.6585062307893,0.02787844043195056,0.027878432556813416,5.8601159949528083e-07
sphere_oblique_70deg,6.1800000000000006,80.456444772031517,16.634737943010535,80.456491978542957,16.634737592220137,1338.3718746090442,1338.3726316536265,0.02733452926812531,0.027334521537296194,5.867337485911723e-07
sphere_oblique_70deg,6.3100000000000005,82.106823060116312,16.942588417539881,82.106871291870149,16.942588059620736,1391.1021093793231,1391.1028971624557,0.026811461949815787,0.026811454358134208,5.8742686709171644e-07
sphere_oblique_70deg,6.4400000000000004,83.757201348201107,17.25043889206923,83.757250605196205,17.250438527021334,1444.8484836278817,1444.8493027572576,0.026308061398446429,0.026308053941022005,5.880926571681935e-07
sphere_oblique_70deg,6.5700000000000003,85.407579636285902,17.558289366598579,85.407629918518083,17.558288994421936,1499.6109973547202,1499.6118484379776,0.025823237627751634,0.025823230299945994,5.8873266746055838e-07
sphere_oblique_70deg,6.7000000000000002,87.057957924370726,17.866139841127925,87.058009231841112,17.866139461822534,1555.3896505598384,1555.3905342047069,0.02535597982625017,0.025355972623658875,5.8934842499563177e-07
sphere_oblique_70deg,6.8300000000000001,88.708336212455521,18.173990315657271,88.708388545170195,18.173989929223133,1612.1844432432358,1612.1853600575359,0.024905349288937329,0.024905342207374566,5.8994133931693399e-07
sphere_oblique_70deg,6.96,90.358714500540316,18.48184079018662,90.358767858493209,18.481840396623731,1669.9953754049131,1669.9963259962458,0.024470473093688078,0.024470466129174872,5.9051252763326864e-07
sphere_oblique_70deg,7.0900000000000007,92.009092788625139,18.78969126471597,92.009147171817375,18.789690864024333,1728.8224470448708,1728.8234320209672,0.024050538432323004,0.02405053158107134,5.9106323720259291e-07
sphere_oblique_70deg,7.2200000000000006,93.659471076709949,19.097541739245315,93.659526485141541,19.097541331424932,1788.6656581631075,1788.6666781316787,0.023644787518532689,0.023644780776934639,5.9159453876116569e-07
sphere_oblique_70deg,7.3500000000000005,95.309849364794758,19.405392213774668,95.309905798469515,19.405391798825534,1849.5250087596246,1849.5260643284546,0.023252513005257117,0.023252506369873079,5.9210748032215177e-07
sphere_oblique_70deg,7.4800000000000004,96.960227652879553,19.713242688304014,96.960285111792501,19.713242266226132,1911.4004988344204,1911.4015906111242,0.022873053852977648,0.022873047320527581,5.9260290883607849e-07
sphere_oblique_70deg,7.6100000000000003,98.610605940964362,20.02109316283336,98.610664425118586,20.021092733626734,1974.2921283874962,1974.2932569798461,0.022505791597949652,0.022505785165301474,5.9308178532546064e-07
sphere_oblique_70deg,7.7400000000000002,100.26098422904916,20.328943637362705,100.26104373844272,20.328943201027336,2038.1998974188514,2038.2010634345195,0.022150146975889833,0.02215014064005217,5.9354487713638688e-07
sphere_oblique_70deg,7.8700000000000001,101.91136251713397,20.636794111892058,101.9114230517646,20.636793668427934,2103.1238059284874,2103.1250099751364,0.021805576862203281,0.021805570620316711,5.9399294778540101e-07
sphere_oblique_70deg,8,103.56174080521876,20.944644586421404,103.56180236508878,20.944644135828536,2169.063853916402,2169.0650966017906,0.021471571494633336,0.021471565343962242,5.944267597346239e-07
cylinder_oblique_45deg,0.20000000000000001,3.3313708498984762,2.2000000000000002,3.33137091865997,2.1999999999999993,7.3290158697766481,7.329016021051932,0.36938322521628586,0.36938322140414026,2.06406002004447e-08
cylinder_oblique_45deg,0.33000000000000002,4.1967619023324856,2.3300000000000001,4.1967620249850617,2.3299999999999996,9.7784552324346912,9.7784555182151927,0.31978999637870631,0.31978999170569089,2.9225526477304539e-08
cylinder_oblique_45deg,0.46000000000000002,5.0621529547664945,2.46,5.0621531313097599,2.4599999999999995,12.452896268725576,12.452896703022008,0.28337714125004149,0.28337713630863365,3.4875134536140214e-08
cylinder_oblique_45deg,0.59000000000000008,5.9275440072005043,2.5899999999999999,5.9275442376346543,2.5899999999999994,15.352338978649305,15.352339575473751,0.25521883651442961,0.25521883155359476,3.8875147903376685e-08
cylinder_oblique_45deg,0.71999999999999997,6.7929350596345133,2.7199999999999998,6.7929353439587636,2.7199999999999993,18.476783362205875,18.476784135567833,0.23264130030971628,0.2326412954410137,4.1855876417157944e-08
cylinder_oblique_45deg,0.85000000000000009,7.658326112068524,2.8500000000000001,7.658326450285621,2.8499999999999996,21.826229419395293,21.826230383314016,0.21404773770226879,0.2140477329757397,4.4163318726095666e-08
cylinder_oblique_45deg,0.97999999999999998,8.523717164502532,2.98,8.5237175566093377,2.9799999999999995,25.400677150217547,25.400678318695821,0.19841630271528024,0.19841629815152137,4.6001855543034378e-08
cylinder_oblique_45deg,1.1100000000000001,9.3891082169365419,3.1100000000000003,9.3891086629338396,3.1099999999999994,29.200126554672647,29.200127941724237,0.18505790152342919,0.18505789712815976,4.7501561112635483e-08
cylinder_oblique_45deg,1.24,10.254499269370552,3.2400000000000002,10.254499769259128,3.2399999999999993,33.224577632760592,33.224579252399572,0.17348832965513053,0.17348832542650716,4.8748219062046356e-08
cylinder_oblique_45deg,1.3699999999999999,11.11989032180456,3.3700000000000001,11.119890875583632,3.3699999999999992,37.474030384481367,37.474032250716832,0.16335588984390861,0.16335588577628443,4.9800767485137047e-08
cylinder_oblique_45deg,1.5,11.98528137423857,3.5,11.985281981910489,3.5,41.948484809834994,41.948486936686713,0.15439806765572237,0.15439806374161455,5.0701514709580223e-08
cylinder_oblique_45deg,1.6300000000000001,12.850672426672581,3.6299999999999999,12.850673088235778,3.6299999999999994,46.647940908821468,46.647943310295865,0.14641438946546573,0.14641438569669923,5.1480823348966731e-08
cylinder_oblique_45deg,1.76,13.716063479106589,3.7599999999999998,13.716064194559493,3.7599999999999989,51.572398681440774,51.572401371543677,0.13924875930552941,0.13924875567380501,5.2161679269122088e-08
cylinder_oblique_45deg,1.8899999999999999,14.581454531540597,3.8899999999999997,14.581455300884782,3.8899999999999983,56.721858127692919,56.721861120441787,0.1327775880757876,0.13277758457299368,5.2761827233298629e-08
cylinder_oblique_45deg,2.02,15.446845583974607,4.0199999999999996,15.446846407208497,4.0199999999999996,62.096319247577917,62.096322556978151,0.126901592142839,0.12690158876125257,5.3294628050154325e-08
cylinder_oblique_45deg,2.1500000000000004,16.31223663640862,4.1500000000000004,16.312237513535354,4.1499999999999995,67.695782041095782,67.695785681171714,0.12153998968424173,0.12153998641657307,5.377108936451123e-08
cylinder_oblique_45deg,2.2800000000000002,17.177627688842627,4.2800000000000002,17.177628619859075,4.2799999999999994,73.520246508246444,73.520250492996823,0.11662630671149726,0.11662630355096174,5.4199361215672396e-08
cylinder_oblique_45deg,2.4100000000000001,18.043018741276637,4.4100000000000001,18.043019726184358,4.4099999999999993,79.569712649029967,79.569716992473005,0.11210528965987032,0.11210528660014504,5.4586637398353128e-08
cylinder_oblique_45deg,2.54,18.908409793710646,4.54,18.908410832509649,4.5399999999999991,85.844180463446335,85.844185179593794,0.10793059483124193,0.10793059186647147,5.4938464614753207e-08
cylinder_oblique_45deg,2.6700000000000004,19.773800846144656,4.6699999999999999,19.773801938833362,4.669999999999999,92.343649951495536,92.343655054351785,0.10406303353034864,0.10406303065511747,5.5259416954857402e-08
cylinder_oblique_45deg,2.8000000000000003,20.639191898578666,4.8000000000000007,20.639193045160223,4.8000000000000007,99.068121113177611,99.068126616769078,0.10046922143364548,0.10046921864293178,5.5553607061965138e-08
cylinder_oblique_45deg,2.9300000000000002,21.504582951012672,4.9299999999999997,21.50458415148394,4.9299999999999988,106.01759394849246,106.0175998668158,0.0971205265062801,0.097120523795453356,5.5823973430064758e-08
cylinder_oblique_45deg,3.0600000000000005,22.369974003446686,5.0600000000000005,22.369975257810793,5.0599999999999987,113.19206845744024,113.19207480452259,0.093992240467081975,0.093992237831842254,5.607356126123615e-08
cylinder_oblique_45deg,3.1900000000000004,23.235365055880695,5.1900000000000004,23.235366364134514,5.1900000000000004,120.59154464002081,120.59155142985813,0.091062919753446478,0.091062917189824025,5.6304422806356567e-08
cylinder_oblique_45deg,3.3200000000000003,24.100756108314702,5.3200000000000003,24.10075747045823,5.3200000000000003,128.21602249623422,128.2160297428378,0.088313856487228559,0.088313853991536254,5.6518705278284648e-08
cylinder_oblique_45deg,3.4500000000000002,24.966147160748712,5.4500000000000002,24.966148576788228,5.4499999999999993,136.06550202608048,136.06550974349582,0.085728650202488599,0.085728647771293479,5.6718383803382082e-08
cylinder_oblique_45deg,3.5800000000000001,25.831538213182718,5.5800000000000001,25.831539683105664,5.5800000000000001,144.13998322955956,144.13999143172961,0.083292858433655068,0.083292856063798548,5.6904197342978342e-08
cylinder_oblique_45deg,3.7100000000000004,26.696929265616731,5.7100000000000009,26.696930789432525,5.71,152.43946610667155,152.43947480765971,0.080993709579244608,0.080993707267752402,5.7078317074827025e-08
cylinder_oblique_45deg,3.8400000000000003,27.562320318050741,5.8399999999999999,27.562321895759382,5.8399999999999999,160.96395065741632,160.96395987123478,0.078819865354967086,0.078819863099083412,5.7241502996097515e-08
cylinder_oblique_45deg,3.9700000000000002,28.427711370484751,5.9700000000000006,28.427713002083095,5.9699999999999998,169.71343688179397,169.71344662243607,0.076761223040976365,0.076761220838134955,5.7394642965367676e-08
cylinder_oblique_45deg,4.1000000000000005,29.293102422918761,6.1000000000000005,29.293104108406816,6.0999999999999996,178.68792477980446,178.68793506128156,0.074808749893983728,0.074808747741783407,5.7538734906569693e-08
cylinder_oblique_45deg,4.2300000000000004,30.15849347535277,6.2300000000000004,30.158495214730532,6.2300000000000004,187.88741435144777,187.88742518777124,0.072954343733449598,0.072954341629644953,5.767455742669515e-08
cylinder_oblique_45deg,4.3600000000000003,31.023884527786777,6.3600000000000003,31.023886321054249,6.3600000000000003,197.3119055967239,197.31191700190504,0.071190714961764615,0.071190712904253287,5.7802802655785621e-08
cylinder_oblique_45deg,4.4900000000000002,31.88927558022079,6.4900000000000002,31.889277427381106,6.4900000000000002,206.96139851563294,206.96141050370338,0.069511286241087322,0.069511284227895084,5.7924185565545667e-08
cylinder_oblique_45deg,4.6200000000000001,32.754666632654796,6.6200000000000001,32.754668533707964,6.6200000000000001,216.83589310817476,216.83590569314671,0.067910106796492758,0.067910104825770243,5.8039154806570062e-08
cylinder_oblique_45deg,4.75,33.620057685088803,6.75,33.620059640031684,6.7499999999999991,226.93538937434943,226.93540257021382,0.066381778898984736,0.066381776968997275,5.8148112048654812e-08
cylinder_oblique_45deg,4.8799999999999999,34.485448737522816,6.8799999999999999,34.485450746358538,6.8799999999999999,237.25988731415697,237.25990113494674,0.064921394541544719,0.064921392650654275,5.8251691557764977e-08
cylinder_oblique_45deg,5.0100000000000007,35.350839789956829,7.0100000000000007,35.350841852685392,7.0100000000000007,247.80938692759739,247.80940138732461,0.063524480685581058,0.063524478832248071,5.8350199742766067e-08
cylinder_oblique_45deg,5.1400000000000006,36.216230842390836,7.1400000000000006,36.216232959009112,7.1399999999999997,258.58388821467059,258.58390332732506,0.062186951745521732,0.062186949928297389,5.8443913874300148e-08
cylinder_oblique_45deg,5.2700000000000005,37.081621894824849,7.2700000000000005,37.081624065332832,7.2700000000000005,269.58339117537668,269.58340695496969,0.0609050682121932,0.060905066429707375,5.8533253730913244e-08
cylinder_oblique_45deg,5.4000000000000004,37.947012947258855,7.4000000000000004,37.947015171656545,7.4000000000000004,280.80789580971555,280.80791227025844,0.059675400503473384,0.059675398754431667,5.8618518752300388e-08
cylinder_oblique_45deg,5.5300000000000002,38.812403999692862,7.5300000000000002,38.812406277983399,7.5299999999999994,292.25740211768726,292.25741927321496,0.058494797283020643,0.058494795566196606,5.8700062422794215e-08
cylinder_oblique_45deg,5.6600000000000001,39.677795052126868,7.6600000000000001,39.677797384303986,7.6600000000000001,303.93191009929183,303.93192796376854,0.057360357612009374,0.057360355926249024,5.8777891136033194e-08
cylinder_oblique_45deg,5.79,40.543186104560881,7.79,40.543188490627699,7.79,315.83141975452929,315.83143834198978,0.056269406400448599,0.056269404744651787,5.8852474291284448e-08
cylinder_oblique_45deg,5.9200000000000008,41.408577156994895,7.9200000000000008,41.408579596951419,7.9200000000000017,327.95593108339961,327.95595040785531,0.055219472708278199,0.05521947108140382,5.892394030776995e-08
cylinder_oblique_45deg,6.0500000000000007,42.273968209428901,8.0500000000000007,42.273970703275133,8.0499999999999989,340.30544408590271,340.3054641613648,0.054208270515525091,0.054208268916585006,5.8992480180448541e-08
cylinder_oblique_45deg,6.1800000000000006,43.139359261862907,8.1799999999999997,43.139361809611408,8.1799999999999997,352.87995876203854,352.87997960262129,0.0532336816381241,0.053233680066171844,5.9058561507509355e-08
cylinder_oblique_45deg,6.3100000000000005,44.004750314296921,8.3100000000000005,44.004752915935128,8.3100000000000005,365.67947511180745,365.67949673142095,0.052293740513757458,0.052293738967908593,5.9121758205549261e-08
cylinder_oblique_45deg,6.4400000000000004,44.870141366730934,8.4400000000000013,44.870144022246294,8.4400000000000013,378.70399313520915,378.70401554775879,0.051386620621995512,0.051386619101407988,5.9182237437332547e-08
cylinder_oblique_45deg,6.5700000000000003,45.73553241916494,8.5700000000000003,45.735535128582569,8.5700000000000003,391.95351283224358,391.95353605195265,0.050510622336530399,0.050510620840381153,5.9240977104832474e-08
cylinder_oblique_45deg,6.7000000000000002,46.600923471598946,8.6999999999999993,46.600926234918838,8.7000000000000011,405.42803420291079,405.42805824379394,0.049664162035517691,0.049664160563036561,5.929753524469864e-08
cylinder_oblique_45deg,6.8300000000000001,47.466314524032953,8.8300000000000001,47.466317341242565,8.8300000000000001,419.12755724721097,419.12758212317186,0.048845762319889713,0.048845760870348635,5.9351766447394325e-08
cylinder_oblique_45deg,6.96,48.331705576466966,8.9600000000000009,48.331708447553716,8.9599999999999991,433.05208196514405,433.05210769008124,0.048054043209723243,0.048054041782427039,5.9403795405812226e-08
cylinder_oblique_45deg,7.0900000000000007,49.197096628900979,9.0899999999999999,49.197099553889998,9.0899999999999999,447.20160835670987,447.20163494486007,0.047287714205939309,0.04728771280020555,5.9454504879027254e-08
cylinder_oblique_45deg,7.2200000000000006,50.062487681334986,9.2200000000000006,50.062490660201156,9.2200000000000006,461.57613642190859,461.57616388705469,0.046545567119278944,0.046545565734479509,5.9502959396871349e-08
cylinder_oblique_45deg,7.3500000000000005,50.927878733768999,9.3500000000000014,50.927881766537425,9.3499999999999996,476.17566616074021,476.1756945171249,0.045826469581045394,0.045826468216556365,5.9550260115485819e-08
cylinder_oblique_45deg,7.4800000000000004,51.793269786202998,9.4800000000000004,51.793272872861145,9.4800000000000004,491.00019757320445,491.00022683472366,0.045129359160865037,0.045129357816106365,5.9595738202998482e-08
cylinder_oblique_45deg,7.6100000000000003,52.658660838637012,9.6099999999999994,52.658663979184873,9.6099999999999994,506.04973065930164,506.04976083996661,0.044453238025976158,0.044453236700386846,5.9639721426584087e-08
cylinder_oblique_45deg,7.7400000000000002,53.524051891071025,9.7400000000000002,53.524055085508586,9.7400000000000002,521.3242654190318,521.32429653285362,0.043797168084536819,0.043797166777579402,5.968228203640432e-08
cylinder_oblique_45deg,7.8700000000000001,54.389442943505031,9.870000000000001,54.389446191832299,9.8699999999999992,536.82380185239469,536.82383391338476,0.043160266562343515,0.043160265273502731,5.9723488453213722e-08
cylinder_oblique_45deg,8,55.254833995939038,10,55.254837298168574,10,552.54833995939043,552.5483729816857,0.042541701968331895,0.042541700697108657,5.9763631489156647e-08
sphere_concave,0.10000000000000001,2.7999999999999998,2.7999999999999998,2.8000000051562495,2.8000000051562495,7.839999999999999,7.8400000288749974,0.35714285714285715,0.35714285648517224,3.6830355092251694e-09
sphere_concave,0.14000000000000001,2.7200000000000002,2.7200000000000002,2.7200000049687492,2.7200000049687492,7.3984000000000014,7.3984000270299957,0.36764705882352938,0.3676470581519316,3.6534918688995518e-09
sphere_concave,0.17999999999999999,2.6400000000000001,2.6400000000000001,2.6400000047812493,2.6400000047812493,6.9696000000000007,6.9696000252449961,0.37878787878787878,0.37878787810186393,3.6221584348373672e-09
sphere_concave,0.22,2.5600000000000001,2.5600000000000001,2.560000004593749,2.560000004593749,6.5536000000000003,6.5536000235199952,0.390625,0.39062499929904954,3.5888664002420301e-09
sphere_concave,0.26000000000000001,2.4799999999999995,2.4799999999999995,2.4800000044062491,2.4800000044062491,6.1503999999999976,6.1504000218549955,0.40322580645161299,0.40322580573519623,3.5534270635223608e-09
sphere_concave,0.30000000000000004,2.3999999999999995,2.3999999999999995,2.4000000042187493,2.4000000042187493,5.7599999999999971,5.7600000202499961,0.41666666666666674,0.4166666659342449,3.5156248282911918e-09
sphere_concave,0.33999999999999997,2.3199999999999998,2.3199999999999998,2.3200000040312494,2.3200000040312494,5.3823999999999996,5.3824000187049972,0.43103448275862072,0.43103448200965194,3.475215062213093e-09
sphere_concave,0.38,2.2399999999999998,2.2399999999999998,2.2400000038437495,2.2400000038437495,5.0175999999999989,5.0176000172199977,0.44642857142857145,0.44642857066251801,3.4319193957776492e-09
sphere_concave,0.42000000000000004,2.1599999999999997,2.1599999999999997,2.1600000036562492,2.1600000036562492,4.6655999999999986,4.6656000157949968,0.46296296296296302,0.46296296217930188,3.3854162804911898e-09
sphere_concave,0.45999999999999996,2.0800000000000001,2.0800000000000001,2.0800000034687494,2.0800000034687494,4.3264000000000005,4.3264000144299972,0.48076923076923073,0.48076922996746735,3.3353357879649254e-09
sphere_concave,0.5,2,2,2.0000000032812491,2.0000000032812491,4,4.0000000131249962,0.5,0.49999999917968774,3.2812490502465153e-09
sphere_concave,0.54000000000000004,1.9199999999999999,1.9199999999999999,1.9200000030937492,1.9200000030937492,3.6863999999999999,3.6864000118799969,0.52083333333333337,0.52083333249410013,3.2226554324416012e-09
sphere_concave,0.57999999999999996,1.8400000000000003,1.8400000000000003,1.8400000029062493,1.8400000029062493,3.3856000000000011,3.3856000106949975,0.54347826086956508,0.5434782600111504,3.15896634097831e-09
sphere_concave,0.62,1.7600000000000002,1.7600000000000002,1.7600000027187497,1.7600000027187497,3.0976000000000008,3.0976000095699989,0.56818181818181812,0.56818181730412265,3.0894880317956122e-09
sphere_concave,0.66000000000000003,1.6800000000000002,1.6800000000000002,1.6800000025312491,1.6800000025312491,2.8224000000000005,2.8224000085049972,0.59523809523809523,0.59523809434125241,3.0133916903713027e-09
sphere_concave,0.69999999999999996,1.6000000000000005,1.6000000000000005,1.6000000023437495,1.6000000023437495,2.5600000000000018,2.5600000074999985,0.62499999999999978,0.6249999990844729,2.9296861811523002e-09
sphere_concave,0.73999999999999999,1.5200000000000005,1.5200000000000005,1.5200000021562494,1.5200000021562494,2.3104000000000013,2.3104000065549983,0.65789473684210509,0.65789473590882552,2.8371697496751426e-09
sphere_concave,0.78000000000000003,1.4400000000000004,1.4400000000000004,1.4400000019687493,1.4400000019687493,2.0736000000000012,2.0736000056699981,0.69444444444444431,0.694444443495009,2.7343735129360636e-09
sphere_concave,0.81999999999999995,1.3599999999999999,1.3599999999999999,1.3600000017812495,1.3600000017812495,1.8495999999999997,1.8496000048449985,0.73529411764705888,0.73529411668401301,2.6194846705043598e-09
sphere_concave,0.85999999999999999,1.2799999999999998,1.2799999999999998,1.2800000015937494,1.2800000015937494,1.6383999999999994,1.6384000040799984,0.78125000000000011,0.78124999902725256,2.4902337678912875e-09
sphere_concave,0.90000000000000002,1.1999999999999997,1.1999999999999997,1.2000000014062493,1.2000000014062493,1.4399999999999993,1.4400000033749982,0.83333333333333348,0.83333333235677132,2.3437492687368916e-09
sphere_concave,0.93999999999999995,1.1200000000000001,1.1200000000000001,1.1200000012187497,1.1200000012187497,1.2544000000000002,1.2544000027299993,0.89285714285714279,0.89285714188556309,2.1763385807224073e-09
sphere_concave,0.97999999999999998,1.04,1.04,1.0400000010312496,1.0400000010312496,1.0816000000000001,1.0816000021449992,0.96153846153846145,0.96153846058501335,1.9831722145479577e-09
sphere_concave,1.02,0.95999999999999952,0.95999999999999952,0.96000000084374937,0.96000000084374937,0.92159999999999909,0.92160000161999878,1.0416666666666672,1.04166666575114,1.757812163574428e-09
sphere_concave,1.0600000000000001,0.88000000000000034,0.88000000000000034,0.88000000065624939,0.88000000065624939,0.77440000000000064,0.77440000115499896,1.136363636363636,1.1363636355162068,1.49147510228343e-09
sphere_concave,1.1000000000000001,0.79999999999999938,0.79999999999999938,0.80000000046874931,0.80000000046874931,0.63999999999999901,0.64000000074999885,1.2500000000000009,1.2499999992675792,1.1718747500166789e-09
sphere_concave,1.1400000000000001,0.7200000000000002,0.7200000000000002,0.72000000028124889,0.72000000028124889,0.51840000000000031,0.51840000040499845,1.3888888888888886,1.3888888883463564,7.8124642386324876e-10
sphere_concave,1.1800000000000002,0.63999999999999924,0.63999999999999924,0.64000000009374891,0.64000000009374891,0.40959999999999902,0.40960000011999859,1.5625000000000018,1.5624999997711209,2.929676900381713e-10
sphere_concave,1.2200000000000002,0.56000000000000005,0.56000000000000005,0.55999999990624882,0.55999999990624882,0.31360000000000005,0.3135999998949987,1.7857142857142856,1.7857142860132371,3.3482570457706789e-10
sphere_concave,1.26,0.47999999999999954,0.47999999999999954,0.47999999971874957,0.47999999971874957,0.23039999999999955,0.23039999972999958,2.0833333333333353,2.0833333345540384,1.1718748560275585e-09
sphere_concave,1.3,0.39999999999999947,0.39999999999999947,0.39999999953124948,0.39999999953124948,0.15999999999999959,0.15999999962499958,2.5000000000000036,2.5000000029296907,2.3437500204504031e-09
sphere_concave,1.3400000000000001,0.3199999999999994,0.3199999999999994,0.3199999993437494,0.3199999993437494,0.10239999999999962,0.10239999957999961,3.1250000000000058,3.1250000064086971,4.1015625683142755e-09
sphere_concave,1.3800000000000001,0.23999999999999932,0.23999999999999932,0.23999999915624934,0.23999999915624934,0.057599999999999679,0.05759999959499968,4.1666666666666785,4.1666666813151156,7.0312499794337328e-09
sphere_concave,1.4200000000000002,0.15999999999999925,0.15999999999999925,0.15999999896874925,0.15999999896874925,0.025599999999999762,0.025599999669999762,6.2500000000000293,6.2500000402832327,1.2890624982373042e-08
sphere_concave,1.4600000000000002,0.079999999999999183,0.079999999999999183,0.079999998781249193,0.079999998781249193,0.0063999999999998693,0.0063999998049998723,12.500000000000128,12.500000190429816,3.0468749539440327e-08
sphere_concave,1.54,0.080000000000000071,0.080000000000000071,0.080000001593750397,0.080000001593750397,0.0064000000000000116,0.0064000002550000665,12.499999999999989,12.499999750976505,3.9843758582172175e-08
sphere_concave,1.5800000000000001,0.16000000000000014,0.16000000000000014,0.16000000178125048,0.16000000178125048,0.025600000000000046,0.025600000570000159,6.2499999999999947,6.2499999304199036,2.2265629417246193e-08
sphere_concave,1.6200000000000001,0.24000000000000021,0.24000000000000021,0.24000000196875054,0.24000000196875054,0.057600000000000103,0.057600000945000264,4.1666666666666634,4.1666666324869697,1.640625280306208e-08
sphere_concave,1.6600000000000001,0.32000000000000028,0.32000000000000028,0.32000000215625113,0.32000000215625113,0.10240000000000019,0.10240000138000073,3.1249999999999973,3.1249999789428604,1.3476567816339175e-08
sphere_concave,1.7000000000000002,0.40000000000000036,0.40000000000000036,0.40000000234375122,0.40000000234375122,0.16000000000000028,0.16000000187500099,2.4999999999999978,2.4999999853515549,1.1718754439060655e-08
sphere_concave,1.7400000000000002,0.48000000000000043,0.48000000000000043,0.4800000025312513,0.4800000025312513,0.23040000000000041,0.23040000243000125,2.0833333333333317,2.0833333223469994,1.0546878643391218e-08
sphere_concave,1.78,0.55999999999999961,0.55999999999999961,0.56000000271875083,0.56000000271875083,0.31359999999999955,0.31360000304500096,1.7857142857142869,1.7857142770447998,9.709825949230261e-09
sphere_concave,1.8200000000000001,0.63999999999999968,0.63999999999999968,0.64000000290625036,0.64000000290625036,0.40959999999999958,0.40960000372000049,1.5625000000000009,1.5624999929046621,9.0820334922286321e-09
sphere_concave,1.8600000000000001,0.71999999999999975,0.71999999999999975,0.72000000309375045,0.72000000309375045,0.51839999999999964,0.51840000445500067,1.3888888888888893,1.3888888829210062,8.5937519960304225e-09
sphere_concave,1.9000000000000001,0.79999999999999982,0.79999999999999982,0.80000000328125054,0.80000000328125054,0.63999999999999968,0.64000000525000089,1.2500000000000002,1.249999994873046,8.2031268930360423e-09
sphere_concave,1.9400000000000002,0.87999999999999989,0.87999999999999989,0.88000000346875051,0.88000000346875051,0.77439999999999987,0.77440000610500093,1.1363636363636365,1.1363636318843615,7.8835240963862069e-09
sphere_concave,1.9800000000000002,0.95999999999999996,0.95999999999999996,0.9600000036562506,0.9600000036562506,0.92159999999999997,0.92160000702000111,1.0416666666666667,1.0416666626993809,7.6171887325834602e-09
sphere_concave,2.02,1.0400000000000009,1.0400000000000009,1.0400000038437507,1.0400000038437507,1.0816000000000019,1.0816000079950014,0.96153846153846068,0.96153845798469795,7.391826508215817e-09
sphere_concave,2.0600000000000001,1.1199999999999992,1.1199999999999992,1.1200000040312508,1.1200000040312508,1.2543999999999982,1.2544000090300018,0.89285714285714346,0.89285713964345448,7.1986636110693772e-09
sphere_concave,2.1000000000000001,1.2000000000000011,1.2000000000000011,1.2000000042187509,1.2000000042187509,1.4400000000000026,1.4400000101250021,0.83333333333333259,0.83333333040364521,7.031249656582367e-09
sphere_concave,2.1400000000000001,1.2799999999999994,1.2799999999999994,1.2800000044062509,1.2800000044062509,1.6383999999999983,1.6384000112800023,0.78125000000000044,0.78124999731063782,6.8847680920018713e-09
sphere_concave,2.1800000000000002,1.3600000000000012,1.3600000000000012,1.360000004593751,1.360000004593751,1.8496000000000032,1.8496000124950027,0.73529411764705821,0.73529411516341314,6.7555144244856613e-09
sphere_concave,2.2200000000000002,1.4399999999999995,1.4399999999999995,1.4400000047812511,1.4400000047812511,2.0735999999999986,2.0736000137700032,0.69444444444444464,0.69444444213867129,6.6406272627549174e-09
sphere_concave,2.2600000000000002,1.5200000000000014,1.5200000000000014,1.5200000049687512,1.5200000049687512,2.310400000000004,2.3104000151050035,0.65789473684210464,0.65789473469150317,6.5378287194582919e-09
sphere_concave,2.3000000000000003,1.5999999999999996,1.5999999999999996,1.6000000051562513,1.6000000051562513,2.5599999999999987,2.5600000165000041,0.62500000000000011,0.62499999798583938,6.4453145945386791e-09
sphere_concave,2.3400000000000003,1.6800000000000015,1.6800000000000015,1.6800000053437512,1.6800000053437512,2.8224000000000049,2.8224000179550037,0.59523809523809468,0.59523809334475941,6.3616067251516695e-09
sphere_concave,2.3800000000000003,1.7599999999999998,1.7599999999999998,1.7600000055312512,1.7600000055312512,3.0975999999999995,3.0976000194700046,0.56818181818181823,0.56818181639616117,6.2855130306265188e-09
sphere_concave,2.4199999999999999,1.8399999999999999,1.8399999999999999,1.8400000057187502,1.8400000057187502,3.3855999999999993,3.385600021045001,0.5434782608695653,0.54347825918042592,6.2160331230124978e-09
sphere_concave,2.46,1.9199999999999999,1.9199999999999999,1.920000005906251,1.920000005906251,3.6863999999999999,3.6864000226800036,0.52083333333333337,0.5208333317311602,6.1523447409148364e-09
sphere_concave,2.5,2,2,2.0000000060937504,2.0000000060937504,4,4.0000000243750016,0.5,0.4999999984765624,6.0937503931768333e-09
two_planes,0.10000000000000001,3.1923292192132458,3.1923292192132458,3.1923292192132458,3.1923292192128194,10.190965843842651,10.19096584384129,0.3132508996820984,0.31325089968211933,1.3354689074365853e-13
two_planes,0.12000000000000001,3.2123292192132458,3.2123292192132458,3.2123292192132453,3.2123292192121289,10.319059012611181,10.319059012607593,0.31130059584768122,0.31130059584773534,3.4772945975047014e-13
two_planes,0.14000000000000001,3.2323292192132458,3.2323292192132458,3.2323292192132453,3.2323292192125153,10.44795218137971,10.447952181377348,0.30937442697851231,0.30937442697854728,2.2612609202144575e-13
two_planes,0.16,3.2523292192132458,3.2523292192132458,3.2523292192132454,3.2523292192131712,10.577645350148241,10.577645350147996,0.30747194782510512,0.30747194782510867,2.3175029576294033e-14
two_planes,0.17999999999999999,3.2723292192132458,3.2723292192132458,3.2723292192132454,3.2723292192124815,10.708138518916771,10.708138518914268,0.30559272402317345,0.30559272402320914,2.337368705394879e-13
two_planes,0.20000000000000001,3.2923292192132458,3.2923292192132458,3.2923292192132454,3.2923292192125992,10.839431687685302,10.83943168768317,0.30373633176300813,0.30373633176303799,1.9665497866479911e-13
two_planes,0.22,3.3123292192132459,3.3123292192132459,3.3123292192132547,3.3123292192132454,10.971524856453831,10.971524856453859,0.30190235747083222,0.30190235747083183,2.6814315876218608e-15
two_planes,0.24000000000000002,3.3323292192132459,3.3323292192132459,3.332329219213245,3.3323292192125646,11.10441802522236,11.104418025220088,0.30009039750163019,0.30009039750166094,2.0459968207540761e-13
two_planes,0.26000000000000001,3.3523292192132459,3.3523292192132459,3.352329219213245,3.3523292192132201,11.238111193990891,11.238111193990802,0.29830005784297309,0.29830005784297425,7.9032713270806696e-15
two_planes,0.28000000000000003,3.3723292192132455,3.3723292192132455,3.3723292192133383,3.3723292192132455,11.372604362759418,11.372604362759731,0.29653095382938238,0.29653095382937833,2.7522415169274745e-14
two_planes,0.30000000000000004,3.3923292192132459,3.3923292192132459,3.392329219213245,3.3923292192129169,11.50789753152795,11.507897531526831,0.29478270986679811,0.29478270986681243,9.72466782708283e-14
two_planes,0.32000000000000001,3.4123292192132455,3.4123292192132455,3.4123292192132455,3.4123292192119572,11.643990700296477,11.643990700292081,0.29305495916673663,0.29305495916679197,3.7757529103863655e-13
two_planes,0.33999999999999997,3.4323292192132455,3.4323292192132455,3.4323292192132455,3.4323292192120749,11.780883869065008,11.78088386906099,0.29134734348974217,0.29134734348979185,3.4107111277740365e-13
two_planes,0.35999999999999999,3.4523292192132455,3.4523292192132455,3.4523292192132455,3.4523292192130004,11.918577037833538,11.918577037832691,0.28965951289775627,0.28965951289776659,7.1092564968472008e-14
two_planes,0.38,3.4723292192132456,3.4723292192132456,3.4723292192132451,3.4723292192123103,12.057070206602068,12.057070206598819,0.28799112551504502,0.28799112551508377,2.6946485369920402e-13
two_planes,0.40000000000000002,3.4923292192132456,3.4923292192132456,3.4923292192132451,3.4923292192126967,12.196363375370597,12.196363375368678,0.28634184729734063,0.28634184729736317,1.5729814925213117e-13
two_planes,0.42000000000000004,3.5123292192132456,3.5123292192132456,3.5123292192132451,3.5123292192120066,12.336456544139127,12.336456544134775,0.28471135180887114,0.28471135180892132,3.5278154962562744e-13
two_planes,0.44000000000000006,3.5323292192132456,3.5323292192132456,3.5323292192132452,3.5323292192123934,12.477349712907657,12.477349712904646,0.28309932000696403,0.28309932000699817,2.4131124894805681e-13
two_planes,0.45999999999999996,3.5523292192132456,3.5523292192132456,3.5523292192132456,3.5523292192130493,12.619042881676187,12.61904288167549,0.28150544003392669,0.28150544003393446,5.5255979567457027e-14
two_planes,0.47999999999999998,3.5723292192132456,3.5723292192132456,3.5723292192132452,3.5723292192120901,12.761536050444716,12.761536050440588,0.27992940701591768,0.27992940701596292,3.2349188047956971e-13
two_planes,0.5,3.5923292192132457,3.5923292192132457,3.5923292192132457,3.5923292192127456,12.904829219213248,12.90482921921145,0.27837092286853637,0.27837092286855575,1.3930235657800127e-13
two_planes,0.52000000000000002,3.6123292192132457,3.6123292192132457,3.612329219213402,3.6123292192132452,13.048922387981778,13.048922387982341,0.27682969610887154,0.27682969610886554,4.3273852514823642e-14
two_planes,0.54000000000000004,3.6323292192132457,3.6323292192132457,3.6323292192132453,3.6323292192124423,13.193815556750307,13.193815556747387,0.27530544167375826,0.27530544167378868,2.2134087227556344e-13
two_planes,0.56000000000000005,3.6523292192132457,3.6523292192132457,3.6523292192132453,3.6523292192120218,13.339508725518836,13.339508725514365,0.27379788074400685,0.27379788074405276,3.3517652387131135e-13
two_planes,0.57999999999999996,3.6723292192132457,3.6723292192132457,3.6723292192132453,3.6723292192124082,13.486001894287368,13.486001894284289,0.27230674057437543,0.27230674057440651,2.2826827601030121e-13
two_planes,0.59999999999999998,3.6923292192132458,3.6923292192132458,3.6923292192132453,3.6923292192130641,13.633295063055897,13.633295063055225,0.27083175432906764,0.27083175432907436,4.9251694633445906e-14
two_planes,0.62,3.7123292192132458,3.7123292192132458,3.7123292192132453,3.7123292192131818,13.781388231824426,13.781388231824188,0.2693726609225488,0.26937266092255113,1.7271976703331151e-14
two_planes,0.64000000000000001,3.7323292192132458,3.7323292192132458,3.7323292192135686,3.7323292192132458,13.930281400592957,13.930281400594161,0.26792920486547928,0.26792920486546767,8.6501708879006962e-14
two_planes,0.66000000000000003,3.7523292192132458,3.7523292192132458,3.7523292192132449,3.7523292192128785,14.079974569361488,14.079974569360106,0.26650113611557541,0.26650113611558846,9.8153985594596661e-14
two_planes,0.67999999999999994,3.7723292192132458,3.7723292192132458,3.7723292192132454,3.772329219212188,14.230467738130017,14.230467738126025,0.26508820993321447,0.26508820993325166,2.8048788638460247e-13
two_planes,0.69999999999999996,3.7923292192132454,3.7923292192132454,3.792329219213245,3.7923292192114983,14.381760906898544,14.381760906891916,0.26369018674160877,0.2636901867416695,4.6083281530728679e-13
two_planes,0.71999999999999997,3.8123292192132459,3.8123292192132459,3.8123292192132454,3.8123292192121534,14.533854075667076,14.53385407566291,0.26230683199138061,0.26230683199141819,2.8661061042078725e-13
two_planes,0.73999999999999999,3.8323292192132454,3.8323292192132454,3.8323292192132454,3.8323292192122711,14.686747244435603,14.686747244431869,0.2609379160293786,0.2609379160294118,2.5424009021100281e-13
two_planes,0.76000000000000001,3.8523292192132459,3.8523292192132459,3.8523292192132454,3.8523292192126584,14.840440413204137,14.840440413201872,0.25958321397157957,0.25958321397159934,1.5261373026505243e-13
two_planes,0.78000000000000003,3.8723292192132455,3.8723292192132455,3.872329219213583,3.872329219213245,14.994933581972663,14.994933581973969,0.25824250557992934,0.25824250557991807,8.7158859792045317e-14
two_planes,0.80000000000000004,3.8923292192132459,3.8923292192132459,3.892329219213245,3.8923292192126238,15.150226750741197,15.150226750738771,0.25691557514298069,0.25691557514300123,1.6016284657271085e-13
two_planes,0.81999999999999995,3.9123292192132455,3.9123292192132455,3.9123292192132451,3.9123292192122028,15.306319919509724,15.306319919505642,0.25560221136019229,0.25560221136022637,2.6669166974216281e-13
two_planes,0.83999999999999997,3.9323292192132455,3.9323292192132455,3.9323292192132451,3.9323292192125892,15.463213088278254,15.463213088275671,0.25430220722975821,0.25430220722977942,1.6703015277244348e-13
two_planes,0.85999999999999999,3.9523292192132455,3.9523292192132455,3.9523292192135151,3.9523292192132451,15.620906257046784,15.620906257047846,0.25301535993984353,0.25301535993983493,6.8203364504297877e-14
two_planes,0.88,3.9723292192132456,3.9723292192132456,3.9723292192133632,3.9723292192132451,15.779399425815313,15.779399425815779,0.25174147076310527,0.25174147076310155,2.9625852771985212e-14
two_planes,0.90000000000000002,3.9923292192132456,3.9923292192132456,3.9923292192132456,3.9923292192124036,15.938692594583843,15.938692594580482,0.25048034495438393,0.25048034495441035,2.1090273262625555e-13
two_planes,0.92000000000000004,4.012329219213246,4.012329219213246,4.0123292192132451,4.0123292192127904,16.098785763352378,16.098785763350545,0.24923179165145479,0.24923179165146897,1.1387195812209607e-13
two_planes,0.93999999999999995,4.0323292192132456,4.0323292192132456,4.0323292192132456,4.0323292192123699,16.259678932120902,16.259678932117371,0.24799562377873294,0.24799562377875986,2.1718740028448179e-13
two_planes,0.95999999999999996,4.0523292192132452,4.0523292192132452,4.0523292192132452,4.0523292192124867,16.421372100889428,16.421372100886355,0.24677165795382952,0.24677165795385261,1.8717738105473317e-13
two_planes,0.97999999999999998,4.0723292192132456,4.0723292192132456,4.0723292192132456,4.0723292192131435,16.583865269657963,16.583865269657547,0.24555971439686183,0.24555971439686489,2.5081596493627167e-14
two_planes,1,4.0923292192132461,4.0923292192132461,4.0923292192132461,4.0923292192129912,16.747158438426496,16.747158438425455,0.24435961684242277,0.24435961684243038,6.2289027299456141e-14
two_planes,1.02,4.1123292192132457,4.1123292192132457,4.1123292192132448,4.1123292192123007,16.911251607195023,16.911251607191133,0.24317119245411872,0.24317119245414667,2.3003746669060401e-13
two_planes,1.04,4.1323292192132453,4.1323292192132453,4.1323292192134948,4.1323292192132453,17.076144775963549,17.076144775964579,0.24199427174158938,0.24199427174158211,6.0396479248391634e-14
two_planes,1.0600000000000001,4.1523292192132457,4.1523292192132457,4.1523292192132448,4.1523292192128052,17.241837944732083,17.24183794473025,0.24082868847992572,0.24082868847993852,1.0632278670854566e-13
two_planes,1.0800000000000001,4.1723292192132462,4.1723292192132462,4.1723292192132453,4.1723292192115764,17.408331113500616,17.408331113493645,0.23967427963140567,0.23967427963145366,4.0040737922320632e-13
two_planes,1.1000000000000001,4.1923292192132458,4.1923292192132458,4.1923292192135788,4.1923292192132458,17.575624282269143,17.575624282270539,0.23853088526946964,0.2385308852694602,7.9446744273116038e-14
two_planes,1.1200000000000001,4.2123292192132453,4.2123292192132453,4.2123292192132453,4.2123292192118118,17.743717451037668,17.743717451031632,0.23739834850486219,0.23739834850490257,3.4031527328335149e-13
two_planes,1.1400000000000001,4.2323292192132458,4.2323292192132458,4.2323292192143525,4.2323292192132449,17.912610619806202,17.912610619810884,0.23627651541386743,0.23627651541383654,2.6148020478238614e-13
two_planes,1.1600000000000001,4.2523292192132462,4.2523292192132462,4.2523292192136619,4.2523292192132454,18.082303788574738,18.0823037885765,0.23516523496857028,0.23516523496855882,9.7750545404987301e-14
two_planes,1.1800000000000002,4.2723292192132458,4.2723292192132458,4.2723292192132449,4.2723292192124331,18.252796957343264,18.252796957339786,0.23406435896907568,0.23406435896909797,1.9055198497381065e-13
two_planes,1.2000000000000002,4.2923292192132454,4.2923292192132454,4.2923292192138964,4.2923292192132454,18.424090126111789,18.424090126114582,0.23297374197762333,0.23297374197760568,1.5167400923630037e-13
two_planes,1.2200000000000002,4.3123292192132459,4.3123292192132459,4.312329219213245,4.3123292192132068,18.596183294880323,18.596183294880149,0.2318932412545355,0.23189324125453661,9.3612203913450869e-15
two_planes,1.2400000000000002,4.3323292192132463,4.3323292192132463,4.3323292192132454,4.3323292192125162,18.769076463648858,18.769076463645689,0.23082271669593951,0.23082271669595902,1.688426496438261e-13
two_planes,1.26,4.3523292192132459,4.3523292192132459,4.3523292192132459,4.3523292192129031,18.942769632417381,18.942769632415889,0.22976203077320659,0.22976203077321564,7.8770938677449938e-14
two_planes,1.28,4.3723292192132455,4.3723292192132455,4.3723292192138281,4.3723292192132455,19.117262801185909,19.117262801188456,0.22871104847405324,0.228711048474038,1.3325735874667804e-13
two_planes,1.3,4.3923292192132459,4.3923292192132459,4.392329219213245,4.3923292192131385,19.292555969954442,19.292555969953966,0.22766963724525185,0.22766963724525466,2.4676027049016839e-14
two_spheres,0.10000000000000001,13.157142857142858,13.157142857142858,13.157152152160933,13.157152152160933,173.11040816326533,173.11065275511305,0.076004343105320296,0.076004289411197537,1.4129239848315479e-06
two_spheres,0.14000000000000001,14.420000000000002,14.420000000000002,14.420010511634757,14.420010511634757,207.93640000000005,207.93670315565689,0.069348127600554782,0.069348077048428783,1.4579249079880272e-06
two_spheres,0.17999999999999999,15.682857142857143,15.682857142857143,15.682868871108582,15.682868871108582,245.95200816326533,245.95237602838657,0.063763891419202037,0.063763843734116019,1.4956784617501379e-06
two_spheres,0.22,16.945714285714285,16.945714285714285,16.945727230582406,16.945727230582406,287.15723265306121,287.15767137330209,0.059011970999831395,0.059011925920492411,1.527804947923338e-06
two_spheres,0.26000000000000001,18.208571428571432,18.208571428571432,18.208585590056217,18.208585590056217,331.55207346938789,331.5525891904029,0.05491919033422249,0.054919147621554094,1.5554751614412141e-06
two_spheres,0.30000000000000004,19.471428571428575,19.471428571428575,19.471443949530041,19.471443949530041,379.13653061224505,379.13712947969003,0.051357300073367564,0.051357259512545592,1.5795561667747841e-06
two_spheres,0.33999999999999997,20.734285714285711,20.734285714285711,20.734302309003866,20.734302309003866,429.91060408163253,429.91129224116304,0.048229295852280564,0.048229257251918733,1.6007037834801631e-06
two_spheres,0.38,21.997142857142858,21.997142857142858,21.997160668477687,21.997160668477687,483.87429387755105,483.87507747482169,0.045460449409014156,0.045460412599205011,1.6194232273859001e-06
two_spheres,0.42000000000000004,23.260000000000002,23.260000000000002,23.260019027951515,23.260019027951515,541.02760000000012,541.02848518066651,0.042992261392949267,0.042992226222958035,1.6361099995397394e-06
two_spheres,0.45999999999999996,24.522857142857141,24.522857142857141,24.522877387425336,24.522877387425336,601.3705224489795,601.37151535869691,0.04077828265175347,0.040778248987729832,1.6510781296153039e-06
two_spheres,0.5,25.785714285714285,25.785714285714285,25.78573574689916,25.78573574689916,664.90306122448976,664.90416800891319,0.038781163434903052,0.038781131157766324,1.6645801290030711e-06
two_spheres,0.54000000000000004,27.048571428571432,27.048571428571432,27.048594106372988,27.048594106372988,731.62521632653079,731.62644313131557,0.036970529206718068,0.036970498210270659,1.6768213525199081e-06
two_spheres,0.57999999999999996,28.311428571428571,28.311428571428571,28.311452465846813,28.311452465846813,801.53698775510202,801.53834072590359,0.035321424967201531,0.035321395156477337,1.6879705144562629e-06
two_spheres,0.62,29.574285714285715,29.574285714285715,29.574310825320634,29.574310825320634,874.63837551020413,874.63986079267727,0.033813158148971116,0.033813129438804372,1.6981675109718373e-06
two_spheres,0.66000000000000003,30.837142857142858,30.837142857142858,30.837169184794455,30.837169184794455,950.92937959183678,950.9310033316367,0.032428425831557493,0.032428398145348938,1.7075293231782961e-06
two_spheres,0.69999999999999996,32.100000000000001,32.100000000000001,32.100027544268279,32.100027544268279,1030.4100000000001,1030.4117683427821,0.031152647975077882,0.031152621243733424,1.7161545229985773e-06
two_spheres,0.73999999999999999,33.362857142857145,33.362857142857145,33.362885903742111,33.362885903742111,1113.0802367346939,1113.0821558261141,0.029973452085295879,0.029973426246313904,1.7241267581994015e-06
two_spheres,0.78000000000000003,34.625714285714288,34.625714285714288,34.625744263215928,34.625744263215928,1198.9400897959185,1198.9421657816308,0.028880270649393511,0.028880245646079383,1.7315174710977857e-06
two_spheres,0.81999999999999995,35.888571428571424,35.888571428571424,35.888602622689739,35.888602622689739,1287.9895591836732,1287.9917982093327,0.027864023565002789,0.027863999345791556,1.7383880509954113e-06
two_spheres,0.85999999999999999,37.151428571428568,37.151428571428568,37.151460982163563,37.151460982163563,1380.2286448979589,1380.2310531092216,0.026916865338767981,0.026916841856639246,1.7447915398802901e-06
two_spheres,0.90000000000000002,38.414285714285711,38.414285714285711,38.414319341637395,38.414319341637395,1475.6573469387752,1475.6599304812969,0.026031982149497958,0.02603195936146907,1.7507740039334162e-06
two_spheres,0.93999999999999995,39.677142857142854,39.677142857142854,39.677177701111212,39.677177701111212,1574.2756653061222,1574.2784303255569,0.025203427666162601,0.025203405532848513,1.7563756435129715e-06
two_spheres,0.97999999999999998,40.939999999999998,40.939999999999998,40.940036060585044,40.940036060585044,1676.0835999999997,1676.0865526420037,0.024425989252564732,0.024425967737794655,1.7616317013944911e-06
two_spheres,1.02,42.202857142857148,42.202857142857148,42.202894420058861,42.202894420058861,1781.0811510204087,1781.0842974306354,0.023695078193758035,0.023695057264240722,1.7665731990304348e-06
two_spheres,1.0600000000000001,43.465714285714292,43.465714285714292,43.465752779532686,43.465752779532686,1889.2683183673475,1889.2716646914535,0.023006639058699794,0.023006618683730325,1.7712275558598765e-06
two_spheres,1.1000000000000001,44.728571428571435,44.728571428571435,44.728611139006517,44.728611139006517,2000.6451020408169,2000.6486544244578,0.022357074417119129,0.022357054568321464,1.7756190927039786e-06
two_spheres,1.1400000000000001,45.991428571428578,45.991428571428578,45.991469498480335,45.991469498480335,2115.2115020408169,2115.215266629647,0.021743181959371308,0.021743162610471541,1.7797694587403515e-06
two_spheres,1.1800000000000002,47.254285714285722,47.254285714285722,47.254327857954159,47.254327857954159,2232.9675183673476,2232.9715013070227,0.021162101699014446,0.021162082825640562,1.7836979903808005e-06
two_spheres,1.2200000000000002,48.517142857142865,48.517142857142865,48.517186217427991,48.517186217427991,2353.9131510204088,2353.9173584565847,0.020611271420999937,0.020611253000504537,1.7874220100478832e-06
two_spheres,1.26,49.780000000000001,49.780000000000001,49.780044576901801,49.780044576901801,2478.0484000000001,2478.0528380783303,0.020088388911209322,0.020088370922512293,1.7909570814547558e-06
two_spheres,1.3,51.042857142857144,51.042857142857144,51.042902936375626,51.042902936375626,2605.3732653061224,2605.3779401722636,0.019591379792891127,0.019591362216339617,1.7943172302449864e-06
two_spheres,1.3400000000000001,52.305714285714288,52.305714285714288,52.30576129584945,52.30576129584945,2735.8877469387758,2735.8926647383823,0.019118370022395803,0.019118352839639325,1.7975151254199948e-06
two_spheres,1.3800000000000001,53.568571428571431,53.568571428571431,53.568619655323275,53.568619655323275,2869.5918448979596,2869.5970117766869,0.018667662275321351,0.01866764546920012,1.8005622425047838e-06
two_spheres,1.4200000000000002,54.831428571428582,54.831428571428582,54.831478014797092,54.831478014797092,3006.4855591836745,3006.490981287177,0.01823771559585222,0.018237699150297118,1.8034689991888166e-06
two_spheres,1.4600000000000002,56.094285714285725,56.094285714285725,56.094336374270924,56.094336374270924,3146.5688897959194,3146.5745732698542,0.01782712779503896,0.017827111694981655,1.8062448762060595e-06
two_spheres,1.5000000000000002,57.357142857142868,57.357142857142868,57.357194733744748,57.357194733744748,3289.8418367346953,3289.8477877247165,0.017434620174346199,0.0174346044056383,1.8088985174516036e-06
two_spheres,1.54,58.620000000000005,58.620000000000005,58.620053093218566,58.620053093218566,3436.3044000000004,3436.3106246517636,0.017059024223814397,0.017059008773154534,1.8114378234957142e-06
two_spheres,1.5800000000000001,59.882857142857148,59.882857142857148,59.88291145269239,59.88291145269239,3585.9565795918375,3585.9630840509976,0.016699270003339851,0.016699254858207786,1.8138700276480805e-06
two_spheres,1.6200000000000001,61.145714285714291,61.145714285714291,61.145769812166215,61.145769812166215,3738.7983755102046,3738.805165922417,0.016354375963740012,0.016354361112336988,1.8162017660395261e-06
two_spheres,1.6600000000000001,62.408571428571435,62.408571428571435,62.408628171640032,62.408628171640032,3894.8297877551026,3894.8368702660218,0.016023440003662501,0.016023425434857162,1.8184391373036891e-06
two_spheres,1.7000000000000002,63.671428571428578,63.671428571428578,63.671486531113864,63.671486531113864,4054.0508163265313,4054.0581970818143,0.015705631590756112,0.015705617294035339,1.8205877571494483e-06
two_spheres,1.7400000000000002,64.934285714285721,64.934285714285721,64.934344890587695,64.934344890587695,4216.4614612244904,4216.4691463697927,0.015400184802217625,0.015400170767641811,1.8226528032924711e-06
two_spheres,1.78,66.197142857142865,66.197142857142865,66.197203250061506,66.197203250061506,4382.0617224489806,4382.0697181299538,0.015106392161940521,0.0151063783801028,1.8246390579621153e-06
two_spheres,1.8200000000000001,67.460000000000008,67.460000000000008,67.46006160953533,67.46006160953533,4550.8516000000009,4550.8599123623026,0.014823599169878444,0.014823585631867437,1.8265509474522348e-06
two_spheres,1.8600000000000001,68.722857142857151,68.722857142857151,68.722919969009155,68.722919969009155,4722.8310938775521,4722.8397290668372,0.014551199434581963,0.014551186131947735,1.8283925707784354e-06
two_spheres,1.9000000000000001,69.985714285714295,69.985714285714295,69.985778328482979,69.985778328482979,4898.0002040816335,4898.0091682435577,0.014288630332720962,0.014288617257443825,1.8301677318833789e-06
two_spheres,1.9400000000000002,71.248571428571438,71.248571428571438,71.248636687956804,71.248636687956804,5076.3589306122458,5076.3682298924641,0.014035369130208123,0.014035356274670032,1.8318799646437473e-06
two_spheres,1.9800000000000002,72.511428571428581,72.511428571428581,72.511495047430628,72.511495047430628,5257.9072734693891,5257.9169140135564,0.01379092950864888,0.013790916865607145,1.8335325569382728e-06
two_spheres,2.02,73.774285714285725,73.774285714285725,73.774353406904453,73.774353406904453,5442.6452326530625,5442.6552206068345,0.013554858448549627,0.013554846011112735,1.8351285716868995e-06
two_spheres,2.0600000000000001,75.037142857142868,75.037142857142868,75.037211766378263,75.037211766378263,5630.5728081632669,5630.5831496722967,0.013326733427255072,0.013326721188860425,1.8366708649593477e-06
two_spheres,2.1000000000000001,76.300000000000011,76.300000000000011,76.300070125852102,76.300070125852102,5821.6900000000014,5821.7007012099484,0.013106159895150718,0.013106147849544093,1.8381621053338785e-06
two_spheres,2.1400000000000001,77.562857142857155,77.562857142857155,77.562928485325926,77.562928485325926,6015.9968081632669,6016.0078752197842,0.012892768998416029,0.012892757139632617,1.8396047854047416e-06
two_spheres,2.1800000000000002,78.825714285714298,78.825714285714298,78.825786844799737,78.825786844799737,6213.4932326530634,6213.5046717018031,0.012686215520678529,0.012686203843025406,1.841001238979196e-06
two_spheres,2.2200000000000002,80.088571428571441,80.088571428571441,80.088645204273561,80.088645204273561,6414.17927346939,6414.1910906560106,0.012486176019407083,0.01248616451744697,1.8423536538065668e-06
two_spheres,2.2600000000000002,81.351428571428585,81.351428571428585,81.351503563747386,81.351503563747386,6618.0549306122475,6618.067132082404,0.012292347135883116,0.012292335804419345,1.8436640802164908e-06
two_spheres,2.3000000000000003,82.614285714285728,82.614285714285728,82.614361923221225,82.614361923221225,6825.1202040816352,6825.1327959809851,0.012104444060176377,0.01210443289423894,1.8449344441391018e-06
two_spheres,2.3400000000000003,83.877142857142871,83.877142857142871,83.877220282695049,83.877220282695049,7035.3750938775538,7035.3880823517493,0.011922199134788975,0.011922188129621564,1.8461665543297271e-06
two_spheres,2.3800000000000003,85.140000000000015,85.140000000000015,85.140078642168859,85.140078642168859,7248.8196000000025,7248.8329911946976,0.011745360582569883,0.011745349733617841,1.8473621132786948e-06
two_spheres,2.4199999999999999,86.402857142857144,86.402857142857144,86.40293700164267,86.40293700164267,7465.4537224489795,7465.4675225098317,0.011573691346185641,0.011573680649084744,1.8485227241705626e-06
two_spheres,2.46,87.665714285714287,87.665714285714287,87.665795361116494,87.665795361116494,7685.2774612244903,7685.2916762971545,0.011406968027898184,0.011406957478464201,1.8496498969555256e-06
two_spheres,2.5,88.928571428571431,88.928571428571431,88.928653720590319,88.928653720590319,7908.2908163265311,7908.3054525566622,0.011244979919678714,0.011244969513897661,1.8507450561794364e-06
